,Star,Pop,Nplanet,Maxmass,Teff,logg,vmic,[Fe/H]3L,e_[Fe/H]3L,[Fe/H]1L,e_[Fe/H]1L,[C/H]3N,e_[C/H]3N,[C/H]1N,e_[C/H]1N,[C/H]3L,e_[C/H]3L,[C/H]1L,e_[C/H]1L,[O/H]3N,e_[O/H]3N,[O/H]1N,e_[O/H]1N,[O/H]3L,e_[O/H]3L,[O/H]1L,e_[O/H]1L,SimbadName,_RA,_DE,FE_H,FE_H_err,O_H,O_H_err,C_H,C_H_err,C_O,C_O_err,O_FE,O_FE_err
0,hd230409  ,high-alpha,0,0.0,5386,4.61,1.01,-0.8739,0.0247,-0.8755,0.0213,-0.7085,0.0986,-0.7022,0.0923,-0.7106,0.1181,-0.703,0.0926,-0.2682,0.0314,-0.2857,0.0318,-0.4024,0.0424,-0.3967,0.041,HD230409         ,285.18056,19.07456,-0.8739,0.0247,-0.2682,0.0314,-0.7085,0.0986,-0.4403,0.13,0.6057,0.0561
1,hd222766  ,high-alpha,0,0.0,5423,4.38,0.75,-0.731,0.0155,-0.7229,0.0148,-0.4241,0.0682,-0.4153,0.0652,-0.4243,0.0687,-0.4155,0.0655,-0.0837,0.0235,-0.0853,0.0231,-0.1706,0.0209,-0.1617,0.0206,HD222766         ,355.89549,-7.92334,-0.731,0.0155,-0.0837,0.0235,-0.4241,0.0682,-0.3404,0.0917,0.6473,0.039
2,cd-436810  ,high-alpha,0,0.0,6059,4.32,1.24,-0.4408,0.0104,-0.4499,0.0094,-0.2477,0.0167,-0.2419,0.0163,-0.2394,0.0172,-0.2365,0.0165,-0.049,0.0045,-0.0778,0.0027,0.0479,0.0111,0.007,0.0085,CD-436810        ,167.16707,-44.25939,-0.4408,0.0104,-0.049,0.0045,-0.2477,0.0167,-0.1987,0.0212,0.39180000000000004,0.0149
3,g05-36  ,high-alpha,0,0.0,6139,4.22,1.29,-1.2416,0.0157,-1.2578,0.0158,-1.148,0.0986,-1.1319,0.0923,-1.1206,0.1181,-1.112,0.0926,-0.6698,0.0222,-0.685,0.0244,-0.6405,0.0219,-0.6687,0.0251,G05-36           ,51.74905,23.77665,-1.2416,0.0157,-0.6698,0.0222,-1.148,0.0986,-0.47819999999999996,0.12079999999999999,0.5718000000000001,0.0379
4,g05-40  ,high-alpha,0,0.0,5892,4.2,1.12,-0.8325,0.0129,-0.8364,0.0132,-0.6427,0.0044,-0.628,0.002,-0.6306,0.0049,-0.6195,0.0025,-0.2873,0.0084,-0.2928,0.0099,-0.246,0.0061,-0.271,0.008,G05-40           ,51.91439,21.04305,-0.8325,0.0129,-0.2873,0.0084,-0.6427,0.0044,-0.35540000000000005,0.012799999999999999,0.5452,0.0213
5,g15-23  ,high-alpha,0,0.0,5373,4.63,0.9,-1.1243,0.0169,-1.137,0.0135,-0.8752,0.0986,-0.8662,0.0923,-0.8767,0.1181,-0.866,0.0926,-0.3799,0.0247,-0.3959,0.0254,-0.5238,0.0355,-0.514,0.0345,G15-23           ,232.382,6.14719,-1.1243,0.0169,-0.3799,0.0247,-0.8752,0.0986,-0.49529999999999996,0.12329999999999999,0.7444000000000001,0.0416
6,g18-28  ,high-alpha,0,0.0,5443,4.49,0.88,-0.8632,0.0108,-0.8653,0.0133,-0.5989,0.0986,-0.5889,0.0923,-0.5995,0.1181,-0.589,0.0926,-0.2111,0.0261,-0.2201,0.0263,-0.3167,0.04,-0.312,0.039,G18-28           ,331.41958,12.37673,-0.8632,0.0108,-0.2111,0.0261,-0.5989,0.0986,-0.3878,0.12469999999999999,0.6520999999999999,0.0369
7,g24-13  ,high-alpha,0,0.0,5764,4.38,0.86,-0.7303,0.0198,-0.7281,0.0199,-0.6134,0.0215,-0.597,0.0185,-0.6065,0.0221,-0.592,0.019,-0.1111,0.0163,-0.1188,0.0161,-0.1256,0.0178,-0.1363,0.0177,G24-13           ,305.10234,6.03134,-0.7303,0.0198,-0.1111,0.0163,-0.6134,0.0215,-0.5023,0.0378,0.6192,0.0361
8,g31-55  ,high-alpha,0,0.0,5731,4.35,1.26,-1.116,0.0273,-1.1408,0.0287,-0.9496,0.0523,-0.9295,0.0478,-0.9397,0.0534,-0.9215,0.0485,-0.5066,0.011,-0.5136,0.0082,-0.5683,0.0085,-0.5787,0.0049,G31-55           ,7.36109,-2.34918,-1.116,0.0273,-0.5066,0.011,-0.9496,0.0523,-0.44299999999999995,0.0633,0.6094,0.0383
9,g49-19  ,high-alpha,0,0.0,5863,4.32,1.12,-0.571,0.0112,-0.5759,0.0108,-0.3845,0.0254,-0.3714,0.0258,-0.3784,0.0251,-0.3675,0.0255,,,,,,,,,G49-19           ,144.71088,28.40238,-0.571,0.0112,,,-0.3845,0.0254,,,,
10,g57-07  ,high-alpha,0,0.0,5755,4.33,0.99,-0.5109,0.0125,-0.5066,0.0147,-0.343,0.0057,-0.3296,0.0042,-0.3394,0.006,-0.3275,0.0045,,,,,,,,,G57-07           ,173.14219,10.90314,-0.5109,0.0125,,,-0.343,0.0057,,,,
11,g63-26  ,high-alpha,0,0.0,6175,4.17,1.65,-1.581,0.0376,-1.6023,0.0367,-1.4071,0.0328,-1.3956,0.037,-1.358,0.0293,-1.3615,0.0345,,,,,,,,,G63-26           ,201.1275,20.45614,-1.581,0.0376,,,-1.4071,0.0328,,,,
12,g74-32  ,high-alpha,0,0.0,5864,4.41,1.04,-0.7604,0.0123,-0.7658,0.0147,-0.5558,0.0096,-0.5417,0.0116,-0.5477,0.0089,-0.536,0.011,,,,,,,,,G74-32           ,38.55506,33.00141,-0.7604,0.0123,,,-0.5558,0.0096,,,,
13,g81-02  ,high-alpha,0,0.0,5967,4.24,1.21,-0.6988,0.0224,-0.7067,0.0225,-0.588,0.0152,-0.5765,0.0171,-0.5752,0.0147,-0.5675,0.0165,,,,,,,,,G81-02           ,60.98024,39.73867,-0.6988,0.0224,,,-0.588,0.0152,,,,
14,g85-13  ,high-alpha,0,0.0,5709,4.46,0.87,-0.611,0.0185,-0.6101,0.0182,-0.4732,0.0231,-0.4621,0.0207,-0.4701,0.0234,-0.46,0.021,-0.0987,0.0186,-0.1088,0.0189,-0.1407,0.0227,-0.1473,0.0227,G85-13           ,71.17525,25.936,-0.611,0.0185,-0.0987,0.0186,-0.4732,0.0231,-0.3745,0.0417,0.5123,0.037099999999999994
15,g96-20  ,high-alpha,0,0.0,6445,4.46,1.42,-0.9063,0.0194,-0.915,0.0194,-0.6226,0.0041,-0.6333,0.0026,-0.6032,0.0045,-0.618,0.003,,,,,,,,,G96-20           ,76.36962,40.25732,-0.9063,0.0194,,,-0.6226,0.0041,,,,
16,g99-21  ,high-alpha,0,0.0,5559,4.46,0.79,-0.6936,0.0132,-0.6907,0.014,-0.4154,0.0131,-0.4084,0.0115,-0.4148,0.0138,-0.408,0.012,-0.0881,0.0215,-0.0966,0.0212,-0.1622,0.0246,-0.1613,0.024,G99-21           ,84.86431,3.95075,-0.6936,0.0132,-0.0881,0.0215,-0.4154,0.0131,-0.3273,0.0346,0.6055,0.034699999999999995
17,g127-26  ,high-alpha,0,0.0,5886,4.2,1.11,-0.5431,0.0066,-0.5394,0.0069,-0.3969,0.0015,-0.3791,0.0031,-0.3889,0.0016,-0.374,0.003,,,,,,,,,G127-26          ,335.95453,24.39254,-0.5431,0.0066,,,-0.3969,0.0015,,,,
18,g159-50  ,high-alpha,0,0.0,5713,4.44,1.03,-0.956,0.0127,-0.9696,0.0137,-0.7237,0.0002,-0.707,0.0033,-0.7179,0.0009,-0.7025,0.0025,-0.4119,0.0011,-0.4164,0.0018,-0.4786,0.0057,-0.4825,0.0095,G159-50          ,33.66791,-1.20142,-0.956,0.0127,-0.4119,0.0011,-0.7237,0.0002,-0.3118,0.0013000000000000002,0.5441,0.0138
19,g180-24  ,high-alpha,0,0.0,6137,4.2,1.45,-1.3995,0.0156,-1.4182,0.0151,-1.2087,0.0448,-1.1974,0.0398,-1.1713,0.0463,-1.171,0.041,-0.7871,0.0208,-0.8089,0.0255,-0.7868,0.0242,-0.8137,0.0286,G180-24          ,240.80541,42.24629,-1.3995,0.0156,-0.7871,0.0208,-1.2087,0.0448,-0.4216000000000001,0.06559999999999999,0.6123999999999999,0.0364
20,g187-18  ,high-alpha,0,0.0,5691,4.46,1.05,-0.6657,0.0206,-0.6746,0.0215,-0.455,0.0211,-0.4455,0.0192,-0.4521,0.0216,-0.4435,0.0195,,,,,,,,,G187-18          ,315.77554,29.48228,-0.6657,0.0206,,,-0.455,0.0211,,,,
21,hd160693  ,high-alpha,0,0.0,5809,4.35,1.02,-0.5057,0.0124,-0.5036,0.0134,-0.3881,0.0034,-0.3742,0.0048,-0.3838,0.0031,-0.3715,0.0045,-0.0907,0.0117,-0.0974,0.0102,-0.0814,0.0143,-0.0923,0.0124,HD160693         ,264.90363,37.18375,-0.5057,0.0124,-0.0907,0.0117,-0.3881,0.0034,-0.2974,0.0151,0.41500000000000004,0.0241
22,hd159482  ,high-alpha,0,0.0,5829,4.37,1.21,-0.7265,0.0081,-0.7411,0.0082,-0.5612,0.0126,-0.5475,0.0106,-0.5533,0.0131,-0.542,0.011,-0.171,0.0106,-0.1906,0.0127,-0.1725,0.0113,-0.2017,0.0139,HD159482         ,263.67952,6.01438,-0.7265,0.0081,-0.171,0.0106,-0.5612,0.0126,-0.3902,0.0232,0.5555,0.0187
23,hd148816  ,high-alpha,0,0.0,5923,4.17,1.33,-0.7398,0.012,-0.7541,0.0115,-0.5463,0.0003,-0.5349,0.0008,-0.5341,0.0005,-0.5265,0.0005,-0.2639,0.0113,-0.2798,0.007,-0.202,0.0185,-0.2423,0.0128,HD148816         ,247.61858,4.17822,-0.7398,0.012,-0.2639,0.0113,-0.5463,0.0003,-0.2824,0.0116,0.4759,0.0233
24,hd132475  ,high-alpha,0,0.0,5750,3.77,1.37,-1.5091,0.0148,-1.5356,0.0136,-1.3963,0.0173,-1.3686,0.0221,-1.3629,0.0151,-1.3465,0.0205,-0.7985,0.0067,-0.7891,0.0081,-0.8127,0.0126,-0.816,0.0107,HD132475         ,224.95735,-22.01273,-1.5091,0.0148,-0.7985,0.0067,-1.3963,0.0173,-0.5978000000000001,0.024,0.7106000000000001,0.021500000000000002
25,hd179626  ,high-alpha,0,0.0,5925,4.14,1.49,-1.0385,0.0118,-1.072,0.0167,-0.9039,0.0082,-0.944,0.0409,-0.8558,0.0186,-0.8983,0.0234,-0.4629,0.0111,-0.4846,0.01,-0.4215,0.0133,-0.4766,0.0151,HD179626         ,288.33633,-0.59509,-1.0385,0.0118,-0.4629,0.0111,-0.9039,0.0082,-0.44100000000000006,0.0193,0.5756,0.0229
26,hd121004  ,high-alpha,0,0.0,5755,4.43,1.16,-0.704,0.0101,-0.7181,0.0098,-0.5389,0.0152,-0.5263,0.0131,-0.5335,0.0157,-0.5225,0.0135,-0.2011,0.0103,-0.2168,0.0077,-0.2361,0.0095,-0.2553,0.0067,HD121004         ,208.49215,-46.53876,-0.704,0.0101,-0.2011,0.0103,-0.5389,0.0152,-0.33780000000000004,0.025500000000000002,0.5028999999999999,0.0204
27,hd113679  ,high-alpha,0,0.0,5761,4.05,1.37,-0.6455,0.0102,-0.6637,0.0108,-0.5508,0.0036,-0.5327,0.0027,-0.5406,0.0038,-0.526,0.003,-0.1898,0.0094,-0.1964,0.0073,-0.1367,0.0144,-0.1693,0.01,HD113679         ,196.4701,-38.51666,-0.6455,0.0102,-0.1898,0.0094,-0.5508,0.0036,-0.361,0.013000000000000001,0.4557,0.0196
28,hd111980  ,high-alpha,0,0.0,5878,3.98,1.39,-1.0764,0.019,-1.0944,0.0192,-0.9478,0.0302,-0.9301,0.0267,-0.9306,0.0314,-0.9175,0.0275,-0.4484,0.0047,-0.4558,0.0013,-0.3855,0.0131,-0.4307,0.0058,HD111980         ,193.31272,-18.52222,-1.0764,0.019,-0.4484,0.0047,-0.9478,0.0302,-0.49939999999999996,0.0349,0.628,0.0237
29,hd51754  ,high-alpha,0,0.0,5857,4.35,1.3,-0.566,0.008,-0.5871,0.007,-0.4042,0.0029,-0.3938,0.0033,-0.3984,0.0026,-0.39,0.003,-0.1389,0.0233,-0.162,0.0202,-0.1226,0.0267,-0.1567,0.0232,HD51754          ,104.66058,-0.48047,-0.566,0.008,-0.1389,0.0233,-0.4042,0.0029,-0.2653,0.0262,0.4270999999999999,0.0313
30,hd237822  ,high-alpha,0,0.0,5675,4.41,0.99,-0.4747,0.0157,-0.4757,0.0158,-0.2374,0.0305,-0.2321,0.0292,-0.2361,0.0309,-0.2315,0.0295,,,,,,,,,HD237822         ,144.20634,57.91139,-0.4747,0.0157,,,-0.2374,0.0305,,,,
31,hd233511  ,high-alpha,0,0.0,6125,4.21,1.2,-1.5702,0.0215,-1.603,0.0204,,,,,,,,,-0.9459,0.0275,-0.9807,0.0267,-1.0002,0.0302,-1.0137,0.029,HD233511         ,124.84405,54.08601,-1.5702,0.0215,-0.9459,0.0275,,,,,0.6243000000000001,0.049
32,g18-39  ,high-alpha,0,0.0,6112,4.23,1.44,-1.3939,0.0156,-1.4188,0.0044,-1.311,0.0697,-1.3005,0.047,-1.2755,0.0835,-1.2681,0.0639,-0.7999,0.0514,-0.8203,0.0566,-0.813,0.0496,-0.837,0.0483,G18-39           ,334.65211,8.44582,-1.3939,0.0156,-0.7999,0.0514,-1.311,0.0697,-0.5110999999999999,0.1211,0.5939999999999999,0.067
33,g188-22  ,high-alpha,0,0.0,6116,4.2,1.42,-1.32,0.0159,-1.3388,0.0179,-1.2149,0.0124,-1.2026,0.0165,-1.1818,0.0103,-1.179,0.015,-0.6754,0.0091,-0.6932,0.0122,-0.6481,0.0088,-0.6823,0.0123,G188-22          ,325.98802,27.39,-1.32,0.0159,-0.6754,0.0091,-1.2149,0.0124,-0.5395000000000001,0.0215,0.6446000000000001,0.025
34,g121-12  ,low-alpha,0,0.0,6041,4.25,1.26,-0.929,0.0107,-0.941,0.0107,-1.1239,0.0025,-1.1063,0.0016,-1.108,0.0041,-1.0945,0.0005,,,,,,,,,G121-12          ,176.14877,25.53658,-0.929,0.0107,,,-1.1239,0.0025,,,,
35,g119-64  ,low-alpha,0,0.0,6333,4.14,1.4,-1.5332,0.0269,-1.5466,0.0283,-1.5905,0.1677,-1.5723,0.1722,-1.5199,0.1564,-1.525,0.1648,-1.0345,0.024,-1.0751,0.0241,-1.0506,0.026,-1.0733,0.0266,G119-64          ,168.2,35.72886,-1.5332,0.0269,-1.0345,0.024,-1.5905,0.1677,-0.556,0.19169999999999998,0.4986999999999999,0.0509
36,g66-22  ,low-alpha,0,0.0,5297,4.46,0.78,-0.9038,0.0223,-0.8977,0.0237,-0.9956,0.0413,-0.9849,0.0378,-0.9957,0.0425,-0.9845,0.0385,-0.4696,0.0415,-0.4744,0.0407,-0.6088,0.0404,-0.5897,0.0393,G66-22           ,220.82488,5.82771,-0.9038,0.0223,-0.4696,0.0415,-0.9956,0.0413,-0.526,0.08280000000000001,0.43420000000000003,0.0638
37,g150-40  ,low-alpha,0,0.0,6080,4.11,1.31,-0.8133,0.0194,-0.8217,0.0189,-1.0974,0.077,-1.0832,0.072,-1.0796,0.0781,-1.07,0.073,-0.6533,0.0327,-0.6579,0.0352,-0.6067,0.0347,-0.632,0.0379,G150-40          ,207.21728,27.6693,-0.8133,0.0194,-0.6533,0.0327,-1.0974,0.077,-0.44409999999999994,0.10969999999999999,0.16000000000000003,0.0521
38,hd59392  ,low-alpha,0,0.0,6137,3.88,1.73,-1.6152,0.0095,-1.6375,0.0101,-1.6697,0.0724,-1.6578,0.0764,-1.5958,0.064,-1.608,0.071,-1.0629,0.0156,-1.1024,0.0086,-1.0907,0.0154,-1.1223,0.0086,HD59392          ,112.01342,-38.01147,-1.6152,0.0095,-1.0629,0.0156,-1.6697,0.0724,-0.6068,0.08800000000000001,0.5523,0.025099999999999997
39,g161-73  ,low-alpha,0,0.0,6108,3.99,1.26,-1.0421,0.0265,-1.0501,0.0291,-1.2065,0.1677,-1.1887,0.1722,-1.1876,0.1564,-1.175,0.1648,,,,,,,,,G161-73          ,146.40763,-4.67458,-1.0421,0.0265,,,-1.2065,0.1677,,,,
40,g170-56  ,low-alpha,0,0.0,6112,4.11,1.39,-0.9337,0.0144,-0.9473,0.0134,-0.9837,0.0084,-0.9731,0.0115,-0.9657,0.007,-0.9595,0.0105,-0.6365,0.0053,-0.6505,0.0069,-0.5787,0.0064,-0.6163,0.0041,G170-56          ,264.56504,18.55708,-0.9337,0.0144,-0.6365,0.0053,-0.9837,0.0084,-0.34720000000000006,0.0137,0.2972,0.0197
41,g176-53  ,low-alpha,0,0.0,5615,4.52,0.9,-1.3324,0.0381,-1.3557,0.0437,,,,,,,,,-0.7375,0.0205,-0.7425,0.0177,-0.8622,0.0067,-0.8455,0.0045,G176-53          ,176.64648,50.88186,-1.3324,0.0381,-0.7375,0.0205,,,,,0.5949,0.0586
42,hd163810  ,low-alpha,0,0.0,5592,4.61,1.17,-1.1948,0.0166,-1.2224,0.0178,-1.1899,0.1677,-1.1726,0.1722,-1.1846,0.1564,-1.167,0.1648,-0.6727,0.045,-0.6837,0.0492,-0.8016,0.0649,-0.7905,0.0655,HD163810         ,269.66022,-13.09713,-1.1948,0.0166,-0.6727,0.045,-1.1899,0.1677,-0.5172,0.2127,0.5221000000000001,0.0616
43,hd219617  ,low-alpha,0,0.0,5983,4.28,1.42,-1.4381,0.0154,-1.463,0.0138,-1.5771,0.1677,-1.5549,0.1722,-1.5295,0.1564,-1.522,0.1648,-0.8668,0.0195,-0.8946,0.0228,-0.9387,0.0252,-0.952,0.0276,HD219617         ,349.27102,-13.851,-1.4381,0.0154,-0.8668,0.0195,-1.5771,0.1677,-0.7102999999999999,0.18719999999999998,0.5712999999999999,0.0349
44,g53-41  ,low-alpha,0,0.0,5956,4.34,1.35,-1.1612,0.0187,-1.2507,0.018,-1.3883,0.0222,-1.4238,0.0101,-1.3454,0.0468,-1.3782,0.0025,-0.9514,0.0392,-0.9596,0.0377,-1.0352,0.035,-1.0224,0.0325,G53-41           ,156.85103,1.40005,-1.1612,0.0187,-0.9514,0.0392,-1.3883,0.0222,-0.43690000000000007,0.061399999999999996,0.2098,0.0579
45,hd3567  ,low-alpha,0,0.0,6180,4.01,1.4,-1.1777,0.0105,-1.1933,0.012,-1.2946,0.0002,-1.2836,0.0045,-1.2661,0.0017,-1.263,0.003,-0.8402,0.0091,-0.8548,0.0115,-0.8026,0.0048,-0.8283,0.0096,HD3567           ,9.63311,-8.30928,-1.1777,0.0105,-0.8402,0.0091,-1.2946,0.0002,-0.4544,0.009300000000000001,0.3375,0.0196
46,cd-453283  ,low-alpha,0,0.0,5685,4.61,0.95,-0.9259,0.0119,-0.9377,0.0138,-1.0406,0.0579,-1.0245,0.0532,-1.0354,0.059,-1.02,0.054,-0.4999,0.0215,-0.5086,0.0229,-0.6005,0.0303,-0.597,0.0307,CD-453283        ,113.57749,-45.27858,-0.9259,0.0119,-0.4999,0.0215,-1.0406,0.0579,-0.5407,0.0794,0.42599999999999993,0.0334
47,cd-514628  ,low-alpha,0,0.0,6296,4.29,1.31,-1.3414,0.0251,-1.3557,0.0261,-1.4471,0.0993,-1.4328,0.0922,-1.3997,0.0911,-1.4005,0.0875,-0.9399,0.0013,-0.9744,0.005,-0.9638,0.0035,-0.9817,0.0059,CD-514628        ,154.31199,-52.48853,-1.3414,0.0251,-0.9399,0.0013,-1.4471,0.0993,-0.5072000000000001,0.1006,0.40149999999999997,0.0264
48,cd-571633  ,low-alpha,0,0.0,5981,4.29,1.08,-0.9253,0.0194,-0.9303,0.0209,-0.9903,0.0087,-0.9718,0.0125,-0.9767,0.0072,-0.9615,0.0115,-0.6207,0.0125,-0.6222,0.0139,-0.6329,0.0131,-0.6417,0.0156,CD-571633        ,106.62063,-57.45809,-0.9253,0.0194,-0.6207,0.0125,-0.9903,0.0087,-0.36959999999999993,0.0212,0.3046,0.0319
49,cd-610282  ,low-alpha,0,0.0,5869,4.34,1.19,-1.2326,0.0159,-1.2579,0.0163,-1.3228,0.007,-1.3,0.0017,-1.3041,0.0089,-1.286,0.003,-0.691,0.0177,-0.6945,0.0202,-0.7503,0.0238,-0.7523,0.026,CD-610282        ,24.02437,-61.0843,-1.2326,0.0159,-0.691,0.0177,-1.3228,0.007,-0.6318,0.0247,0.5416,0.033600000000000005
50,g05-19  ,low-alpha,0,0.0,5970,4.28,1.17,-1.1776,0.0241,-1.1966,0.0242,-1.2856,0.0364,-1.2648,0.0307,-1.2646,0.0389,-1.2495,0.0325,-0.7363,0.0053,-0.7403,0.0059,-0.7724,0.0049,-0.7777,0.0072,G05-19           ,47.86059,12.61932,-1.1776,0.0241,-0.7363,0.0053,-1.2856,0.0364,-0.5493000000000001,0.0417,0.4413,0.0294
51,hd284248  ,low-alpha,0,0.0,6271,4.21,1.51,-1.593,0.0242,-1.6106,0.0233,-1.5805,0.0567,-1.5656,0.0509,-1.5101,0.0523,-1.5185,0.0485,-1.1012,0.0155,-1.1402,0.0179,-1.1491,0.0187,-1.1693,0.0217,HD284248         ,63.64798,22.35118,-1.593,0.0242,-1.1012,0.0155,-1.5805,0.0567,-0.47930000000000006,0.0722,0.4918,0.0397
52,hd250792  ,low-alpha,0,0.0,5572,4.5,0.98,-1.0454,0.0177,-1.0635,0.0216,,,,,,,,,-0.5092,0.0081,-0.5169,0.0075,-0.6282,0.0057,-0.6215,0.0045,HD250792         ,90.81193,19.36075,-1.0454,0.0177,-0.5092,0.0081,,,,,0.5362000000000001,0.0258
53,g20-15  ,low-alpha,0,0.0,6162,4.32,1.5,-1.4922,0.0265,-1.5148,0.0251,-1.4934,0.008,-1.4765,0.0028,-1.4443,0.0096,-1.443,0.004,-0.9858,0.0287,-1.0243,0.0273,-1.0524,0.0307,-1.07,0.0301,G20-15           ,266.86655,-8.77993,-1.4922,0.0265,-0.9858,0.0287,-1.4934,0.008,-0.5076,0.036699999999999997,0.5064,0.0552
54,g21-22  ,low-alpha,0,0.0,6021,4.27,1.3,-1.099,0.0263,-1.1177,0.0269,-1.2185,0.1056,-1.2001,0.1083,-1.2004,0.1043,-1.1865,0.1075,,,,,,,,,G21-22           ,279.79048,0.12064,-1.099,0.0263,,,-1.2185,0.1056,,,,
55,hd193901  ,low-alpha,0,0.0,5729,4.43,1.31,-1.0759,0.0338,-1.1375,0.0209,-1.0475,0.0163,-1.0869,0.0211,-1.009,0.0326,-1.0616,0.009,-0.625,0.0002,-0.6345,0.0042,-0.7151,0.0033,-0.7181,0.0077,HD193901         ,305.89936,-21.37062,-1.0759,0.0338,-0.625,0.0002,-1.0475,0.0163,-0.4225000000000001,0.016499999999999997,0.4509000000000001,0.033999999999999996
56,g46-31  ,low-alpha,0,0.0,6017,4.29,1.3,-0.8193,0.014,-0.8331,0.0143,-0.7861,0.0015,-0.7728,0.0042,-0.7723,0.0005,-0.7625,0.0035,-0.493,0.0097,-0.5045,0.0108,-0.4683,0.009,-0.4987,0.0101,G46-31           ,139.26667,3.0249,-0.8193,0.014,-0.493,0.0097,-0.7861,0.0015,-0.2931,0.0112,0.32630000000000003,0.0237
57,hd194598  ,low-alpha,0,0.0,6018,4.34,1.4,-1.0783,0.0191,-1.1319,0.0209,-1.144,0.059,-1.1291,0.0409,-1.124,0.067,-1.1105,0.052,-0.6818,0.0099,-0.6947,0.0103,-0.7006,0.0059,-0.7191,0.0064,HD194598         ,306.54966,9.45012,-1.0783,0.0191,-0.6818,0.0099,-1.144,0.059,-0.46219999999999994,0.0689,0.3965000000000001,0.028999999999999998
58,g56-30  ,low-alpha,0,0.0,5935,4.29,1.22,-0.8801,0.0069,-0.8917,0.0057,-1.0494,0.0106,-1.0292,0.0065,-1.0365,0.0121,-1.0195,0.0075,,,,,,,,,G56-30           ,170.39628,18.19571,-0.8801,0.0069,,,-1.0494,0.0106,,,,
59,g56-36  ,low-alpha,0,0.0,6067,4.33,1.33,-0.9203,0.0094,-0.9364,0.0104,-0.8966,0.0225,-0.8826,0.0255,-0.8821,0.0212,-0.8715,0.0245,-0.4957,0.012,-0.5165,0.0152,-0.471,0.0102,-0.509,0.0148,G56-36           ,170.81763,19.8938,-0.9203,0.0094,-0.4957,0.012,-0.8966,0.0225,-0.4009,0.0345,0.42460000000000003,0.021400000000000002
60,g75-31  ,low-alpha,0,0.0,6135,4.02,1.28,-1.0539,0.0128,-1.0631,0.0124,-1.1942,0.1677,-1.1779,0.1722,-1.1739,0.1564,-1.163,0.1648,-0.7453,0.0097,-0.7528,0.0107,-0.6925,0.0146,-0.7173,0.0128,G75-31           ,39.5896,2.44566,-1.0539,0.0128,-0.7453,0.0097,-1.1942,0.1677,-0.44889999999999997,0.1774,0.3086000000000001,0.0225
61,g82-05  ,low-alpha,0,0.0,5338,4.51,0.8,-0.8072,0.0148,-0.801,0.0131,-0.7016,0.0281,-0.6954,0.0303,-0.7023,0.0269,-0.6955,0.0295,-0.3918,0.0133,-0.3993,0.0127,-0.526,0.0131,-0.51,0.0124,G82-05           ,63.74211,-5.63024,-0.8072,0.0148,-0.3918,0.0133,-0.7016,0.0281,-0.3098,0.0414,0.41540000000000005,0.0281
62,hd105004  ,low-alpha,0,0.0,5852,4.35,1.09,-0.8374,0.0112,-0.846,0.0115,-0.7526,0.0121,-0.7347,0.0088,-0.7429,0.0131,-0.7275,0.0095,-0.5192,0.0125,-0.5193,0.0139,-0.5531,0.0158,-0.559,0.0176,HD105004         ,181.35355,-26.59548,-0.8374,0.0112,-0.5192,0.0125,-0.7526,0.0121,-0.23340000000000005,0.0246,0.31820000000000004,0.0237
63,g87-13  ,low-alpha,0,0.0,6217,4.11,1.42,-1.0902,0.0215,-1.1054,0.0213,-1.3729,0.1186,-1.3613,0.1218,-1.341,0.1106,-1.3385,0.1165,,,,,,,,,G87-13           ,103.73457,35.51629,-1.0902,0.0215,,,-1.3729,0.1186,,,,
64,hd103723  ,low-alpha,0,0.0,6050,4.2,1.11,-0.8228,0.0087,-0.823,0.0099,-0.8806,0.0118,-0.8667,0.0082,-0.8651,0.0129,-0.855,0.009,-0.5632,0.0124,-0.5611,0.0136,-0.5219,0.0089,-0.5367,0.0116,HD103723         ,179.1501,-21.4194,-0.8228,0.0087,-0.5632,0.0124,-0.8806,0.0118,-0.3174,0.0242,0.25959999999999994,0.0211
65,g98-53  ,low-alpha,0,0.0,5954,4.26,1.2,-0.8681,0.0178,-0.878,0.0182,-0.8581,0.0132,-0.8411,0.0097,-0.8451,0.0143,-0.8315,0.0105,,,,,,,,,G98-53           ,93.45762,33.41726,-0.8681,0.0178,,,-0.8581,0.0132,,,,
66,g112-43  ,low-alpha,0,0.0,6209,4.02,1.17,-1.2791,0.0169,-1.287,0.0158,-1.2614,0.0017,-1.2517,0.006,-1.2259,0.0003,-1.2265,0.0045,-0.8933,0.0082,-0.9072,0.0086,-0.8694,0.0084,-0.8817,0.0079,G112-43          ,115.93319,-0.06694,-1.2791,0.0169,-0.8933,0.0082,-1.2614,0.0017,-0.3681000000000001,0.0099,0.3857999999999999,0.025099999999999997
67,g112-44  ,low-alpha,0,0.0,5936,4.28,1.1,-1.2949,0.0196,-1.3145,0.0235,-1.245,0.0794,-1.2251,0.0731,-1.2207,0.0813,-1.2075,0.0745,,,,,,,,,G112-44          ,115.93369,-0.0637,-1.2949,0.0196,,,-1.245,0.0794,,,,
68,g114-42  ,low-alpha,0,0.0,5721,4.4,1.19,-1.1012,0.0176,-1.1257,0.0176,-1.1337,0.0583,-1.1122,0.0532,-1.1236,0.0595,-1.104,0.054,,,,,,,,,G114-42          ,137.68704,-3.80267,-1.1012,0.0176,,,-1.1337,0.0583,,,,
69,hd136352  ,thick,3,0.034,5728,4.36,1.05,-0.3839,0.0051,-0.3867,0.0053,-0.1869,0.0057,-0.1807,0.0053,-0.1847,0.0058,-0.1795,0.0055,-0.0632,0.0062,-0.0695,0.0058,-0.0735,0.0065,-0.081,0.0061,HD136352         ,230.45063,-48.31763,-0.3839,0.0051,-0.0632,0.0062,-0.1869,0.0057,-0.1237,0.0119,0.3207,0.011300000000000001
70,hd22879  ,thick,0,0.0,5859,4.29,1.2,-0.8518,0.0098,-0.8636,0.0099,-0.6594,0.0105,-0.6439,0.0079,-0.6491,0.0112,-0.6365,0.0085,-0.2731,0.01,-0.2862,0.0122,-0.2605,0.0091,-0.29,0.0125,HD22879          ,55.09194,-3.21698,-0.8518,0.0098,-0.2731,0.01,-0.6594,0.0105,-0.3863,0.0205,0.5787,0.019799999999999998
71,hd106516  ,thick,0,0.0,6327,4.43,1.18,-0.7061,0.0166,-0.7049,0.0165,-0.5189,0.0146,-0.5201,0.0164,-0.5028,0.0144,-0.508,0.016,-0.1809,0.0074,-0.2341,0.0031,-0.0593,0.0159,-0.108,0.0142,HD106516         ,183.79399,-10.3124,-0.7061,0.0166,-0.1809,0.0074,-0.5189,0.0146,-0.338,0.022,0.5251999999999999,0.024
72,hd17820  ,thick,0,0.0,5873,4.28,1.27,-0.6569,0.0045,-0.6719,0.0058,-0.4831,0.0079,-0.4703,0.0089,-0.4745,0.0076,-0.4645,0.0085,-0.178,0.0135,-0.1968,0.0106,-0.1463,0.0172,-0.1803,0.0134,HD17820          ,42.99315,11.36998,-0.6569,0.0045,-0.178,0.0135,-0.4831,0.0079,-0.3051,0.021400000000000002,0.47890000000000005,0.018
73,hd168443  ,thick,2,17.193,5522,4.06,1.02,0.0592,0.0077,0.067,0.0075,0.1529,0.0093,0.1632,0.0095,0.1556,0.01,0.165,0.01,0.1939,0.0117,0.2145,0.0118,0.2217,0.0135,0.2357,0.0132,HD168443         ,275.01639,-9.59572,0.0592,0.0077,0.1939,0.0117,0.1529,0.0093,-0.04099999999999998,0.020999999999999998,0.1347,0.0194
74,hd120559  ,thick,0,0.0,5486,4.58,1.05,-0.8972,0.0083,-0.9064,0.0093,-0.6132,0.02,-0.6078,0.0173,-0.6129,0.021,-0.607,0.018,-0.2681,0.0321,-0.2849,0.0321,-0.384,0.0398,-0.3843,0.039,HD120559         ,207.91829,-57.43564,-0.8972,0.0083,-0.2681,0.0321,-0.6132,0.02,-0.34509999999999996,0.052099999999999994,0.6291,0.0404
75,hd210277  ,thick,1,1.29,5479,4.34,0.84,0.23,0.0068,0.2393,0.0063,0.2849,0.0112,0.2836,0.0109,0.284,0.0113,0.283,0.011,0.2841,0.0109,0.2858,0.0109,0.2411,0.0103,0.2593,0.0105,HD210277         ,332.37444,-7.54866,0.23,0.0068,0.2841,0.0109,0.2849,0.0112,0.0007999999999999674,0.0221,0.05410000000000001,0.0177
76,hd40397  ,thick,0,0.0,5474,4.38,0.96,-0.111,0.0101,-0.1146,0.0097,0.0542,0.007,0.0494,0.0062,0.0523,0.0067,0.048,0.006,0.1544,0.0305,0.1519,0.0311,0.1011,0.0294,0.111,0.0304,HD40397          ,89.58973,-4.65067,-0.111,0.0101,0.1544,0.0305,0.0542,0.007,-0.10020000000000001,0.0375,0.2654,0.0406
77,hd97320  ,thick,0,0.0,6136,4.2,1.46,-1.1646,0.0218,-1.1854,0.0215,-0.9852,0.0023,-0.9766,0.0011,-0.9606,0.0038,-0.958,0.1011,-0.6507,0.0138,-0.673,0.0169,-0.6131,0.0131,-0.654,0.0171,HD97320          ,167.75306,-65.42715,-1.1646,0.0218,-0.6507,0.0138,-0.9852,0.0023,-0.3345,0.0161,0.5139000000000001,0.0356
78,hd205650  ,thick,0,0.0,5793,4.35,1.17,-1.1719,0.0257,-1.1953,0.0246,-0.9712,0.023,-0.952,0.0186,-0.9577,0.0243,-0.9415,0.0195,-0.535,0.0114,-0.5399,0.0116,-0.5881,0.0148,-0.5967,0.015,HD205650         ,324.35846,-27.63519,-1.1719,0.0257,-0.535,0.0114,-0.9712,0.023,-0.4361999999999999,0.0344,0.6368999999999999,0.0371
79,hd199289  ,thick,0,0.0,5915,4.3,1.21,-1.0441,0.0282,-1.0628,0.0275,-0.9016,0.0052,-0.8835,0.0016,-0.8887,0.0065,-0.8735,0.0025,-0.4713,0.0097,-0.4823,0.012,-0.4772,0.0097,-0.5023,0.0134,HD199289         ,314.53552,-48.20374,-1.0441,0.0282,-0.4713,0.0097,-0.9016,0.0052,-0.43029999999999996,0.0149,0.5728,0.0379
80,hd65907  ,thick,0,0.0,5998,4.41,1.08,-0.3325,0.006,-0.3316,0.0062,-0.1598,0.0171,-0.1552,0.0169,-0.1548,0.0173,-0.152,0.017,-0.0278,0.0088,-0.0444,0.0082,0.0321,0.012,0.007,0.011,HD65907          ,119.44548,-60.30307,-0.3325,0.006,-0.0278,0.0088,-0.1598,0.0171,-0.132,0.0259,0.3047,0.0148
81,hd189558  ,thick,0,0.0,5707,3.83,1.29,-1.1266,0.0118,-1.1433,0.0118,-1.0877,0.0034,-1.06,0.007,-1.0699,0.0018,-1.048,0.006,-0.5259,0.0092,-0.5109,0.0079,-0.4968,0.0165,-0.5133,0.0108,HD189558         ,300.25102,-12.25565,-1.1266,0.0118,-0.5259,0.0092,-1.0877,0.0034,-0.5617999999999999,0.0126,0.6007,0.020999999999999998
82,hd216770  ,thick,1,0.57,5424,4.53,0.79,0.3666,0.0107,0.3686,0.0108,0.3013,0.0146,0.2972,0.0142,0.2981,0.0143,0.295,0.014,0.2531,0.0165,0.2465,0.0159,0.1609,0.023,0.186,0.0206,HD216770         ,343.97378,-26.65876,0.3666,0.0107,0.2531,0.0165,0.3013,0.0146,0.04820000000000002,0.031100000000000003,-0.11349999999999999,0.027200000000000002
83,hd76932  ,thick,0,0.0,5977,4.17,1.3,-0.871,0.0098,-0.883,0.0101,-0.7479,0.0121,-0.7354,0.0094,-0.7336,0.0129,-0.725,0.01,-0.383,0.009,-0.3962,0.0118,-0.3239,0.0042,-0.3643,0.009,HD76932          ,134.68305,-16.13272,-0.871,0.0098,-0.383,0.009,-0.7479,0.0121,-0.3649,0.0211,0.488,0.018799999999999997
84,hd175179  ,thick,0,0.0,5804,4.4,1.08,-0.6523,0.0057,-0.6599,0.0054,-0.4341,0.0061,-0.4224,0.0046,-0.429,0.0065,-0.419,0.005,-0.0636,0.043,-0.0812,0.0398,-0.0665,0.0469,-0.0883,0.0436,HD175179         ,283.59668,-4.60517,-0.6523,0.0057,-0.0636,0.043,-0.4341,0.0061,-0.3705,0.0491,0.5887,0.04869999999999999
85,bd-213420  ,thick,0,0.0,5909,4.3,1.12,-1.13,0.0155,-1.1483,0.0159,-0.9358,0.0243,-0.918,0.0202,-0.92,0.0256,-0.906,0.021,-0.4731,0.0304,-0.4803,0.0318,-0.4815,0.0341,-0.501,0.0359,BD-213420        ,178.86858,-22.38703,-1.13,0.0155,-0.4731,0.0304,-0.9358,0.0243,-0.46269999999999994,0.0547,0.6568999999999998,0.045899999999999996
86,cd-333337  ,thick,0,0.0,6112,3.86,1.56,-1.3661,0.0186,-1.3838,0.0182,-1.2321,0.0065,-1.2212,0.0025,-1.1933,0.0083,-1.194,0.004,-0.8248,0.0053,-0.8397,0.0082,-0.7803,0.0023,-0.813,0.006,CD-333337        ,103.69921,-33.74695,-1.3661,0.0186,-0.8248,0.0053,-1.2321,0.0065,-0.4073,0.0118,0.5413000000000001,0.023899999999999998
87,hd111232  ,thick,1,7.14,5543,4.43,0.9,-0.4818,0.007,-0.479,0.0065,-0.2049,0.0034,-0.2034,0.0034,-0.2054,0.0029,-0.204,0.003,-0.0093,0.0162,-0.0172,0.0159,-0.0741,0.013,-0.072,0.0129,HD111232         ,192.21564,-68.42515,-0.4818,0.007,-0.0093,0.0162,-0.2049,0.0034,-0.1956,0.0196,0.47250000000000003,0.0232
88,hd126681  ,thick,0,0.0,5594,4.5,1.08,-1.1741,0.011,-1.1997,0.0111,-1.0024,0.0758,-0.9876,0.0709,-0.9959,0.0769,-0.9815,0.0715,-0.5039,0.0092,-0.5118,0.0099,-0.6115,0.0145,-0.6073,0.0156,HD126681         ,216.85379,-18.41124,-1.1741,0.011,-0.5039,0.0092,-1.0024,0.0758,-0.49849999999999994,0.085,0.6701999999999999,0.0202
89,hd4308  ,thick,1,0.05,5705,4.36,1.0,-0.3527,0.0042,-0.3502,0.0042,-0.1985,0.0044,-0.1914,0.0047,-0.1968,0.0042,-0.1905,0.0045,-0.021,0.0199,-0.0244,0.0192,-0.0321,0.0215,-0.0357,0.0202,HD4308           ,11.16361,-65.64952,-0.3527,0.0042,-0.021,0.0199,-0.1985,0.0044,-0.17750000000000002,0.024300000000000002,0.3317,0.0241
90,hd25704  ,thick,0,0.0,5974,4.3,1.33,-0.8454,0.0154,-0.862,0.0161,-0.6933,0.0114,-0.6808,0.0089,-0.6806,0.0122,-0.6715,0.0095,-0.4242,0.0145,-0.4402,0.0115,-0.403,0.0198,-0.4387,0.0151,HD25704          ,60.43597,-57.20683,-0.8454,0.0154,-0.4242,0.0145,-0.6933,0.0114,-0.2691,0.0259,0.4212,0.029900000000000003
91,hd114762  ,thick,1,10.69,5956,4.24,1.37,-0.6986,0.0127,-0.7171,0.0127,-0.5515,0.0018,-0.5414,0.0007,-0.5395,0.002,-0.533,0.001,-0.2841,0.0043,-0.3043,0.0071,-0.2325,0.0038,-0.2757,0.0042,HD114762         ,198.08228,17.51711,-0.6986,0.0127,-0.2841,0.0043,-0.5515,0.0018,-0.26739999999999997,0.0060999999999999995,0.4145,0.017
92,hd77110  ,thick,0,0.0,5738,4.39,0.87,-0.521,0.008,-0.5147,0.0082,-0.4118,0.008,-0.3989,0.0095,-0.4086,0.0075,-0.397,0.009,-0.1383,0.0082,-0.1415,0.0077,-0.1619,0.0084,-0.1647,0.0081,HD77110          ,134.82443,-35.31031,-0.521,0.008,-0.1383,0.0082,-0.4118,0.008,-0.27349999999999997,0.0162,0.38270000000000004,0.0162
93,hd241253  ,thick,0,0.0,5940,4.34,1.17,-1.1096,0.015,-1.1289,0.0149,-0.9535,0.0039,-0.9357,0.0,-0.9383,0.0053,-0.924,0.001,-0.4888,0.0183,-0.5001,0.0198,-0.5004,0.022,-0.5227,0.0232,HD241253         ,77.48733,5.55743,-1.1096,0.015,-0.4888,0.0183,-0.9535,0.0039,-0.4647,0.0222,0.6207999999999999,0.033299999999999996
94,hd196761  ,thin,0,0.0,5486,4.56,0.75,-0.2672,0.0057,-0.2586,0.0053,-0.2116,0.0121,-0.2155,0.012,-0.2143,0.0114,-0.2175,0.0115,-0.2295,0.0025,-0.2376,0.0025,-0.3378,0.006,-0.323,0.0044,HD196761         ,310.04898,-23.77387,-0.2672,0.0057,-0.2295,0.0025,-0.2116,0.0121,0.0179,0.0146,0.037699999999999984,0.0082
95,hd1237  ,thin,1,3.37,5507,4.56,1.25,0.2249,0.0168,0.1382,0.0067,0.1048,0.0228,0.0922,0.0203,0.1017,0.0224,0.09,0.02,0.1741,0.0241,0.1464,0.0228,0.0949,0.0195,0.0903,0.0197,HD1237           ,4.05283,-79.85118,0.2249,0.0168,0.1741,0.0241,0.1048,0.0228,-0.0693,0.0469,-0.050799999999999984,0.0409
96,hd4208  ,thin,1,0.81,5688,4.53,1.02,-0.2716,0.005,-0.2806,0.0049,-0.225,0.0043,-0.2249,0.0041,-0.2255,0.0048,-0.2255,0.0045,-0.1702,0.0097,-0.1806,0.0097,-0.2288,0.0129,-0.2307,0.0127,HD4208           ,11.11104,-26.51568,-0.2716,0.005,-0.1702,0.0097,-0.225,0.0043,-0.054800000000000015,0.014,0.10140000000000002,0.014700000000000001
97,hd4307  ,thin,0,0.0,5828,4.02,1.23,-0.2132,0.006,-0.2169,0.0057,-0.2692,0.0029,-0.2431,0.0012,-0.2625,0.0023,-0.239,0.001,-0.1601,0.0153,-0.1494,0.016,-0.0777,0.0141,-0.0827,0.0147,HD4307           ,11.36953,-12.88081,-0.2132,0.006,-0.1601,0.0153,-0.2692,0.0029,-0.1091,0.0182,0.05310000000000001,0.0213
98,hd14374  ,thin,0,0.0,5466,4.58,0.84,-0.0238,0.007,-0.027,0.0062,-0.0594,0.0184,-0.0684,0.0174,-0.0631,0.0177,-0.071,0.017,0.0071,0.0297,-0.0051,0.0289,-0.092,0.0385,-0.0783,0.0358,HD14374          ,34.81682,-0.77984,-0.0238,0.007,0.0071,0.0297,-0.0594,0.0184,-0.0665,0.048100000000000004,0.030900000000000004,0.0367
99,hd16141  ,thin,1,0.26,5722,4.1,1.13,0.1623,0.0039,0.1582,0.0036,0.0762,0.0107,0.0868,0.0103,0.0807,0.0117,0.09,0.011,0.1161,0.0146,0.1267,0.0135,0.1866,0.0194,0.1863,0.0182,HD16141          ,38.83304,-3.5606,0.1623,0.0039,0.1161,0.0146,0.0762,0.0107,-0.03989999999999999,0.0253,-0.046200000000000005,0.0185
100,hd20782  ,thin,1,1.4878,5784,4.35,1.02,-0.0613,0.0035,-0.0558,0.0034,-0.0875,0.0017,-0.0798,0.001,-0.0863,0.0016,-0.079,0.001,-0.0562,0.0155,-0.0531,0.0156,-0.0432,0.0177,-0.042,0.0172,HD20782          ,50.01491,-28.85407,-0.0613,0.0035,-0.0562,0.0155,-0.0875,0.0017,-0.031299999999999994,0.0172,0.0051,0.019
101,hd23079  ,thin,1,2.61,5988,4.38,1.15,-0.131,0.0046,-0.1376,0.0046,-0.1902,0.005,-0.1817,0.0055,-0.1865,0.0052,-0.1795,0.0055,-0.156,0.0156,-0.1637,0.0134,-0.1063,0.0223,-0.124,0.0193,HD23079          ,54.92957,-52.91584,-0.131,0.0046,-0.156,0.0156,-0.1902,0.005,-0.03420000000000001,0.0206,-0.024999999999999994,0.0202
102,hd28185  ,thin,1,5.9,5640,4.35,0.94,0.2036,0.0072,0.2116,0.0073,0.2183,0.016,0.2185,0.0157,0.219,0.0164,0.219,0.016,0.1366,0.0225,0.1412,0.0224,0.1265,0.023,0.138,0.0232,HD28185          ,66.60968,-10.55082,0.2036,0.0072,0.1366,0.0225,0.2183,0.016,0.0817,0.0385,-0.067,0.029699999999999997
103,hd30177  ,thin,2,8.622,5550,4.39,0.92,0.4934,0.008,0.5033,0.0087,0.392,0.0066,0.3919,0.0067,0.3916,0.0069,0.392,0.007,0.3502,0.0201,0.3443,0.0196,0.3083,0.0247,0.328,0.0225,HD30177          ,70.47656,-58.02076,0.4934,0.008,0.3502,0.0201,0.392,0.0066,0.041800000000000004,0.0267,-0.1432,0.0281
104,hd30306  ,thin,0,0.0,5544,4.38,0.9,0.2151,0.0075,0.2167,0.0074,0.1618,0.0329,0.1616,0.0319,0.1609,0.0329,0.161,0.032,0.1831,0.0174,0.1841,0.0169,0.1434,0.0219,0.159,0.0201,HD30306          ,69.99164,-71.50561,0.2151,0.0075,0.1831,0.0174,0.1618,0.0329,-0.021300000000000013,0.0503,-0.032,0.0249
105,hd52265  ,thin,1,1.21,6129,4.32,1.27,0.2713,0.0089,0.2578,0.0089,0.1431,0.0042,0.1356,0.0034,0.1502,0.0058,0.1405,0.0045,0.081,0.0208,0.0643,0.0216,0.22,0.0178,0.1853,0.0179,HD52265          ,105.07515,-5.36716,0.2713,0.0089,0.081,0.0208,0.1431,0.0042,0.0621,0.024999999999999998,-0.19029999999999997,0.029699999999999997
106,hd65216  ,thin,2,2.03,5658,4.52,0.98,-0.1553,0.0062,-0.1623,0.0057,-0.1955,0.0033,-0.1964,0.0031,-0.1967,0.0038,-0.1975,0.0035,-0.0655,0.0252,-0.0758,0.0247,-0.1195,0.0274,-0.119,0.0265,HD65216          ,118.42216,-63.64732,-0.1553,0.0062,-0.0655,0.0252,-0.1955,0.0033,-0.13,0.0285,0.08979999999999999,0.0314
107,hd69830  ,thin,3,0.057,5460,4.55,0.63,-0.0449,0.0077,-0.0261,0.0064,-0.0348,0.0042,-0.042,0.0039,-0.0383,0.0036,-0.0445,0.0035,-0.0413,0.0155,-0.0485,0.0145,-0.1409,0.0215,-0.1217,0.0192,HD69830          ,124.59978,-12.63217,-0.0449,0.0077,-0.0413,0.0155,-0.0348,0.0042,0.006500000000000006,0.0197,0.003599999999999999,0.0232
108,hd73256  ,thin,0,0.0,5453,4.46,1.13,0.3763,0.0139,0.3095,0.0097,0.2984,0.0324,0.2897,0.0301,0.296,0.0323,0.288,0.03,0.3102,0.0141,0.2912,0.0134,0.2369,0.0122,0.245,0.0122,HD73256          ,129.0959,-30.03762,0.3763,0.0139,0.3102,0.0141,0.2984,0.0324,-0.011799999999999977,0.0465,-0.06610000000000005,0.027999999999999997
109,hd75289  ,thin,1,0.49,6121,4.34,1.32,0.3133,0.0066,0.2824,0.0059,0.1167,0.0148,0.1065,0.013,0.1232,0.0163,0.111,0.014,0.0694,0.0035,0.0481,0.0024,0.1984,0.0068,0.1593,0.0055,HD75289          ,131.91829,-41.73679,0.3133,0.0066,0.0694,0.0035,0.1167,0.0148,0.047299999999999995,0.0183,-0.2439,0.0101
110,hd78538  ,thin,0,0.0,5790,4.5,1.06,-0.0211,0.0078,-0.0372,0.0068,-0.1656,0.0054,-0.1654,0.0053,-0.166,0.0051,-0.166,0.005,-0.0576,0.0337,-0.0674,0.033,-0.0717,0.0373,-0.0813,0.0355,HD78538          ,137.19569,-5.11609,-0.0211,0.0078,-0.0576,0.0337,-0.1656,0.0054,-0.108,0.0391,-0.0365,0.0415
111,hd82943  ,thin,2,1.959,5958,4.38,1.21,0.2844,0.0052,0.261,0.0042,0.1986,0.0082,0.1908,0.0068,0.2028,0.0092,0.1935,0.0075,0.1743,0.0083,0.1567,0.0087,0.2536,0.0067,0.2267,0.0069,HD82943          ,143.7114,-12.12955,0.2844,0.0052,0.1743,0.0083,0.1986,0.0082,0.02429999999999999,0.0165,-0.11009999999999998,0.0135
112,hd89454  ,thin,0,0.0,5699,4.53,0.94,0.1902,0.0067,0.1865,0.0069,0.0662,0.0157,0.0623,0.0155,0.0651,0.0156,0.0615,0.0155,0.1466,0.0305,0.141,0.03,0.1215,0.0345,0.1247,0.0331,HD89454          ,154.81784,-11.37851,0.1902,0.0067,0.1466,0.0305,0.0662,0.0157,-0.08040000000000001,0.0462,-0.0436,0.0372
113,hd92788  ,thin,2,3.76,5691,4.35,1.05,0.3085,0.0061,0.3004,0.0059,0.2576,0.0198,0.2555,0.0191,0.2592,0.0204,0.2565,0.0195,0.24,0.0098,0.2358,0.0098,0.2482,0.0111,0.2507,0.0103,HD92788          ,160.7022,-2.18376,0.3085,0.0061,0.24,0.0098,0.2576,0.0198,0.017600000000000005,0.0296,-0.0685,0.0159
114,hd94151  ,thin,0,0.0,5621,4.5,0.89,0.0887,0.0048,0.0864,0.0044,0.0672,0.0042,0.0618,0.0036,0.0654,0.0039,0.0605,0.0035,0.0675,0.0508,0.0627,0.0507,0.0208,0.0541,0.0287,0.053,HD94151          ,162.91346,-22.07183,0.0887,0.0048,0.0675,0.0508,0.0672,0.0042,-0.0003000000000000086,0.055,-0.021199999999999997,0.0556
115,hd96423  ,thin,0,0.0,5689,4.39,0.96,0.1401,0.0048,0.1446,0.0049,0.0813,0.0135,0.0823,0.0133,0.0814,0.0137,0.0825,0.0135,0.1092,0.0197,0.1118,0.0194,0.1049,0.0212,0.111,0.0207,HD96423          ,166.58227,-44.37332,0.1401,0.0048,0.1092,0.0197,0.0813,0.0135,-0.027900000000000008,0.0332,-0.030899999999999997,0.024499999999999997
116,hd102365  ,thin,1,0.05,5690,4.46,0.91,-0.3112,0.0055,-0.3088,0.0055,-0.1967,0.0155,-0.1939,0.0147,-0.1964,0.0158,-0.194,0.015,-0.1639,0.0073,-0.1687,0.0068,-0.2124,0.0051,-0.2103,0.0048,HD102365         ,176.62947,-40.50036,-0.3112,0.0055,-0.1639,0.0073,-0.1967,0.0155,-0.032800000000000024,0.0228,0.1473,0.012799999999999999
117,hd108147  ,thin,1,0.261,6218,4.39,1.35,0.2031,0.0124,0.1691,0.0116,0.0569,0.0132,0.0479,0.0112,0.0627,0.0145,0.052,0.012,0.0442,0.0177,0.0148,0.014,0.1868,0.0211,0.137,0.0195,HD108147         ,186.44278,-64.02209,0.2031,0.0124,0.0442,0.0177,0.0569,0.0132,0.012699999999999996,0.0309,-0.15889999999999999,0.030100000000000002
118,hd110668  ,thin,0,0.0,5808,4.39,1.08,0.1816,0.0053,0.1726,0.0054,0.1851,0.0201,0.1821,0.0191,0.1871,0.0208,0.1835,0.0195,0.1745,0.0172,0.1691,0.0169,0.2109,0.0199,0.201,0.0191,HD110668         ,190.99318,-35.12311,0.1816,0.0053,0.1745,0.0172,0.1851,0.0201,0.010599999999999998,0.0373,-0.007100000000000023,0.0225
119,hd114613  ,thin,1,0.357,5700,3.9,1.33,0.1815,0.0088,0.1291,0.0056,0.1015,0.0261,0.1056,0.0238,0.1097,0.0281,0.111,0.025,0.0671,0.0213,0.0666,0.0222,0.1719,0.0195,0.1527,0.0201,HD114613         ,198.01326,-37.80302,0.1815,0.0088,0.0671,0.0213,0.1015,0.0261,0.0344,0.0474,-0.11439999999999999,0.030100000000000002
120,hd114729  ,thin,1,0.825,5790,4.07,1.27,-0.2707,0.0083,-0.2853,0.006,-0.2378,0.0029,-0.2181,0.0034,-0.2318,0.0033,-0.2145,0.0035,-0.1229,0.0077,-0.1198,0.0088,-0.0573,0.0067,-0.0703,0.0073,HD114729         ,198.1844,-31.87335,-0.2707,0.0083,-0.1229,0.0077,-0.2378,0.0029,-0.11490000000000002,0.0106,0.1478,0.016
121,hd114853  ,thin,0,0.0,5744,4.46,0.97,-0.2257,0.0057,-0.2259,0.0057,-0.2604,0.0096,-0.255,0.0086,-0.2599,0.01,-0.255,0.009,-0.1836,0.0104,-0.1875,0.0098,-0.22,0.0108,-0.2197,0.0103,HD114853         ,198.46761,-45.1858,-0.2257,0.0057,-0.1836,0.0104,-0.2604,0.0096,-0.07680000000000001,0.019999999999999997,0.0421,0.0161
122,hd115617  ,thin,3,0.072,5534,4.41,0.91,-0.0137,0.005,-0.0148,0.0047,-0.0306,0.0006,-0.0326,0.0008,-0.0326,0.0009,-0.034,0.001,-0.0183,0.0441,-0.0198,0.0446,-0.078,0.0457,-0.0643,0.0454,HD115617         ,199.60131,-18.3112,-0.0137,0.005,-0.0183,0.0441,-0.0306,0.0006,-0.012299999999999998,0.044700000000000004,-0.0046,0.0491
123,hd117207  ,thin,1,1.926,5632,4.34,0.97,0.2541,0.0079,0.2582,0.0076,0.2015,0.0149,0.2025,0.0147,0.2022,0.0153,0.203,0.015,0.1824,0.0197,0.1854,0.0191,0.1733,0.0211,0.1847,0.0203,HD117207         ,202.33797,-35.571,0.2541,0.0079,0.1824,0.0197,0.2015,0.0149,0.019100000000000006,0.0346,-0.07169999999999999,0.0276
124,hd117618  ,thin,1,0.174,5962,4.32,1.18,0.0208,0.0051,0.0102,0.005,0.0047,0.0019,0.011,0.0019,0.0081,0.0013,0.0135,0.0015,-0.0168,0.0209,-0.0211,0.0191,0.0652,0.0296,0.0457,0.0265,HD117618         ,203.10648,-47.27136,0.0208,0.0051,-0.0168,0.0209,0.0047,0.0019,0.0215,0.022799999999999997,-0.037599999999999995,0.026
125,hd125184  ,thin,0,0.0,5610,4.07,1.14,0.3538,0.0102,0.3317,0.0098,0.2656,0.0048,0.2645,0.0037,0.2703,0.006,0.2675,0.0045,0.2359,0.0158,0.2332,0.0158,0.2754,0.0174,0.2743,0.0167,HD125184         ,214.50303,-7.54239,0.3538,0.0102,0.2359,0.0158,0.2656,0.0048,0.029700000000000004,0.0206,-0.1179,0.026000000000000002
126,hd125612  ,thin,3,7.28,5872,4.45,1.13,0.2944,0.0052,0.2757,0.0046,0.1061,0.0086,0.1018,0.0077,0.1078,0.009,0.103,0.008,0.1478,0.0088,0.1355,0.0075,0.1818,0.0083,0.167,0.0081,HD125612         ,215.22299,-17.48152,0.2944,0.0052,0.1478,0.0088,0.1061,0.0086,-0.04169999999999999,0.0174,-0.1466,0.014
127,hd126525  ,thin,1,0.237,5650,4.41,0.92,-0.1022,0.0059,-0.098,0.0057,-0.0574,0.0083,-0.0565,0.0082,-0.058,0.0081,-0.057,0.008,-0.062,0.036,-0.0629,0.0359,-0.0985,0.038,-0.0913,0.0372,HD126525         ,216.88738,-51.93309,-0.1022,0.0059,-0.062,0.036,-0.0574,0.0083,0.0046,0.0443,0.0402,0.0419
128,hd128674  ,thin,0,0.0,5600,4.48,0.82,-0.3655,0.0066,-0.3601,0.0071,-0.3228,0.0105,-0.3188,0.011,-0.3234,0.0099,-0.3195,0.0105,-0.2298,0.0441,-0.2335,0.0428,-0.3062,0.0423,-0.2977,0.0416,HD128674         ,220.11776,-57.02956,-0.3655,0.0066,-0.2298,0.0441,-0.3228,0.0105,-0.09299999999999997,0.0546,0.1357,0.0507
129,hd134664  ,thin,0,0.0,5805,4.39,1.11,0.0723,0.0043,0.0552,0.0033,-0.0163,0.0137,-0.0146,0.0129,-0.0155,0.0139,-0.014,0.013,0.0106,0.0378,0.0062,0.0371,0.0319,0.0437,0.0227,0.0415,HD134664         ,228.04314,-30.88629,0.0723,0.0043,0.0106,0.0378,-0.0163,0.0137,-0.0269,0.051500000000000004,-0.061700000000000005,0.0421
130,hd134987  ,thin,2,1.61,5710,4.28,1.08,0.3173,0.0053,0.3102,0.0055,0.3039,0.0187,0.3014,0.0178,0.3069,0.0196,0.3035,0.0185,0.2433,0.0268,0.2397,0.0248,0.2719,0.0283,0.2717,0.0279,HD134987         ,228.36945,-25.30935,0.3173,0.0053,0.2433,0.0268,0.3039,0.0187,0.060600000000000015,0.0455,-0.07400000000000004,0.032100000000000004
131,hd140901  ,thin,0,0.0,5582,4.47,0.95,0.1255,0.0054,0.1153,0.0046,0.0827,0.0097,0.0782,0.0091,0.0809,0.0095,0.077,0.009,0.1162,0.0161,0.1116,0.0156,0.0679,0.021,0.0773,0.0193,HD140901         ,236.87125,-37.91631,0.1255,0.0054,0.1162,0.0161,0.0827,0.0097,-0.0335,0.0258,-0.009300000000000003,0.0215
132,hd145666  ,thin,0,0.0,5918,4.47,1.09,-0.0273,0.0054,-0.0377,0.005,-0.103,0.002,-0.1016,0.0019,-0.1019,0.002,-0.101,0.002,-0.0176,0.0189,-0.0274,0.0194,0.0152,0.0202,-0.0043,0.0202,HD145666         ,243.76733,-56.37454,-0.0273,0.0054,-0.0176,0.0189,-0.103,0.002,-0.08539999999999999,0.020900000000000002,0.0097,0.024300000000000002
133,hd146233  ,thin,0,0.0,5820,4.47,1.01,0.0529,0.004,0.0516,0.004,-0.0199,0.0032,-0.021,0.003,-0.0198,0.0032,-0.021,0.003,-0.0067,0.0129,-0.01,0.013,-0.0002,0.0142,-0.0057,0.0139,HD146233         ,243.90529,-8.36944,0.0529,0.004,-0.0067,0.0129,-0.0199,0.0032,-0.0132,0.0161,-0.0596,0.0169
134,hd157347  ,thin,0,0.0,5688,4.41,0.96,0.0287,0.0045,0.0302,0.0045,-0.0293,0.0046,-0.028,0.0044,-0.0299,0.0047,-0.0285,0.0045,0.0089,0.0032,0.0098,0.0035,-0.0081,0.0027,-0.0027,0.0029,HD157347         ,260.7137,-2.38818,0.0287,0.0045,0.0089,0.0032,-0.0293,0.0046,-0.0382,0.0078,-0.019799999999999998,0.0077
135,hd160691  ,thin,4,1.814,5737,4.23,1.11,0.3309,0.0058,0.3238,0.0056,0.2835,0.0084,0.2818,0.0077,0.2877,0.0095,0.2845,0.0085,0.2408,0.0149,0.237,0.015,0.2888,0.0151,0.285,0.0145,HD160691         ,266.03627,-51.83405,0.3309,0.0058,0.2408,0.0149,0.2835,0.0084,0.04269999999999999,0.0233,-0.09010000000000004,0.0207
136,hd169830  ,thin,2,4.04,6319,4.08,1.58,0.2081,0.0099,0.1474,0.0062,0.1168,0.0157,0.1016,0.0133,0.1307,0.019,0.1115,0.0155,0.0919,0.0169,0.0373,0.0093,0.3593,0.0245,0.2873,0.0232,HD169830         ,276.95619,-29.81686,0.2081,0.0099,0.0919,0.0169,0.1168,0.0157,0.024900000000000005,0.0326,-0.11620000000000001,0.026799999999999997
137,hd179949  ,thin,1,0.916,6182,4.36,1.34,0.2304,0.0118,0.1981,0.0112,0.1292,0.0144,0.1179,0.0125,0.136,0.016,0.1225,0.0135,0.1104,0.0194,0.0806,0.0147,0.256,0.0226,0.208,0.0212,HD179949         ,288.88846,-24.17935,0.2304,0.0118,0.1104,0.0194,0.1292,0.0144,0.01880000000000001,0.0338,-0.12,0.0312
138,hd183263  ,thin,2,3.95,5889,4.29,1.23,0.3157,0.0057,0.2871,0.005,0.2526,0.0081,0.2452,0.0067,0.2578,0.0095,0.2485,0.0075,0.1686,0.0179,0.1546,0.0148,0.2466,0.0203,0.2247,0.0193,HD183263         ,292.10238,8.35806,0.3157,0.0057,0.1686,0.0179,0.2526,0.0081,0.08399999999999999,0.026,-0.14709999999999998,0.0236
139,hd190248  ,thin,0,0.0,5572,4.31,0.94,0.4277,0.0077,0.4399,0.0081,0.3822,0.0411,0.382,0.0404,0.3831,0.0417,0.383,0.041,0.3453,0.0193,0.3427,0.0188,0.3268,0.0238,0.343,0.0217,HD190248         ,302.18171,-66.18207,0.4277,0.0077,0.3453,0.0193,0.3822,0.0411,0.03689999999999999,0.060399999999999995,-0.08240000000000003,0.027000000000000003
140,hd196050  ,thin,1,3.18,5862,4.22,1.16,0.266,0.0059,0.2618,0.0061,0.2322,0.0076,0.2321,0.007,0.238,0.0091,0.236,0.008,0.159,0.0159,0.1568,0.0148,0.2475,0.0164,0.235,0.0159,HD196050         ,309.46546,-60.63449,0.266,0.0059,0.159,0.0159,0.2322,0.0076,0.07319999999999999,0.0235,-0.10700000000000001,0.0218
141,hd202206  ,thin,1,17.9,5746,4.44,1.11,0.3128,0.0065,0.2855,0.0058,0.1526,0.0057,0.1486,0.0048,0.1533,0.006,0.149,0.005,0.0953,0.0276,0.0867,0.0263,0.0907,0.0287,0.088,0.0279,HD202206         ,318.7407,-20.78921,0.3128,0.0065,0.0953,0.0276,0.1526,0.0057,0.05730000000000002,0.033299999999999996,-0.21750000000000003,0.0341
142,hd203608  ,thin,0,0.0,6180,4.35,1.3,-0.6538,0.0082,-0.6642,0.0078,-0.5912,0.0086,-0.5866,0.0068,-0.5756,0.0087,-0.575,0.007,-0.4315,0.0152,-0.4521,0.0178,-0.3634,0.0106,-0.403,0.0142,HD203608         ,321.61085,-65.3662,-0.6538,0.0082,-0.4315,0.0152,-0.5912,0.0086,-0.15969999999999995,0.0238,0.22230000000000005,0.0234
143,hd206172  ,thin,0,0.0,5662,4.62,0.84,-0.1902,0.0038,-0.1873,0.0038,-0.2081,0.005,-0.2097,0.0045,-0.2095,0.0055,-0.211,0.005,-0.0504,0.0333,-0.0621,0.0328,-0.113,0.0351,-0.1113,0.0342,HD206172         ,325.11566,-2.01758,-0.1902,0.0038,-0.0504,0.0333,-0.2081,0.005,-0.1577,0.0383,0.1398,0.0371
144,hd207129  ,thin,0,0.0,5941,4.42,1.06,-0.0258,0.0053,-0.0229,0.0052,-0.1204,0.0075,-0.1141,0.0079,-0.1185,0.0077,-0.113,0.008,-0.0859,0.0099,-0.089,0.0095,-0.0457,0.0133,-0.057,0.0121,HD207129         ,327.06563,-47.30362,-0.0258,0.0053,-0.0859,0.0099,-0.1204,0.0075,-0.03449999999999999,0.0174,-0.0601,0.015200000000000002
145,hd212301  ,thin,1,0.51,6162,4.35,1.35,0.1931,0.0084,0.157,0.007,0.1158,0.0135,0.106,0.0115,0.1223,0.0151,0.1105,0.0125,0.0732,0.0111,0.0454,0.0104,0.2151,0.0112,0.167,0.0107,HD212301         ,336.87884,-77.71792,0.1931,0.0084,0.0732,0.0111,0.1158,0.0135,0.0426,0.0246,-0.11989999999999999,0.0195
146,hd213240  ,thin,1,5.58,5918,4.15,1.25,0.1523,0.0064,0.1344,0.0056,0.0871,0.0025,0.0944,0.0021,0.0935,0.0039,0.099,0.003,0.0578,0.0232,0.0573,0.0225,0.1768,0.0249,0.1573,0.0241,HD213240         ,337.75153,-49.43327,0.1523,0.0064,0.0578,0.0232,0.0871,0.0025,0.0293,0.025699999999999997,-0.0945,0.029599999999999998
147,hd216435  ,thin,1,1.26,5942,4.08,1.36,0.2987,0.0091,0.255,0.0079,0.1951,0.0139,0.1912,0.0119,0.2045,0.0161,0.1972,0.0133,0.1443,0.0141,0.1288,0.01,0.2929,0.021,0.2587,0.019,HD216435         ,343.40805,-48.59828,0.2987,0.0091,0.1443,0.0141,0.1951,0.0139,0.050799999999999984,0.027999999999999997,-0.1544,0.0232
148,hd216777  ,thin,0,0.0,5656,4.47,0.89,-0.3792,0.0068,-0.377,0.0065,-0.3602,0.0077,-0.3539,0.0085,-0.36,0.0071,-0.354,0.008,-0.2169,0.0302,-0.2209,0.0294,-0.28,0.0363,-0.276,0.0353,HD216777         ,343.95824,-7.82261,-0.3792,0.0068,-0.2169,0.0302,-0.3602,0.0077,-0.1433,0.0379,0.16229999999999997,0.037
149,hd216437  ,thin,1,2.223,5802,4.17,1.14,0.2774,0.0072,0.276,0.0065,0.2376,0.0047,0.2391,0.0049,0.2434,0.0034,0.243,0.004,0.1827,0.0205,0.1833,0.0181,0.264,0.0235,0.2567,0.0227,HD216437         ,343.66451,-70.07371,0.2774,0.0072,0.1827,0.0205,0.2376,0.0047,0.054900000000000004,0.0252,-0.09469999999999998,0.027700000000000002
150,hd222669  ,thin,0,0.0,5908,4.48,1.01,0.0754,0.0064,0.0813,0.0065,-0.0016,0.006,-0.0026,0.0059,-0.0007,0.0062,-0.002,0.006,0.0018,0.0151,-0.0011,0.0151,0.0327,0.0172,0.0223,0.0166,HD222669         ,355.98901,-82.5085,0.0754,0.0064,0.0018,0.0151,-0.0016,0.006,-0.0034000000000000002,0.0211,-0.0736,0.021500000000000002
152,bd-133442  ,unclassified,0,0.0,6357,3.97,1.5,-2.6244,0.0224,-2.6569,0.0244,-2.5386,0.0269,-2.4956,0.027,-2.2766,0.0079,-2.3304,0.0144,-1.8838,0.0383,-1.9114,0.0393,-1.9959,0.0488,-1.9894,0.0474,BD-133442        ,176.71105,-14.11207,-2.6244,0.0224,-1.8838,0.0383,-2.5386,0.0269,-0.6548000000000003,0.06520000000000001,0.7406000000000001,0.060700000000000004
153,lp635-14  ,unclassified,0,0.0,6352,4.13,1.5,-2.3198,0.0193,-2.3556,0.0203,-2.2039,0.0342,-2.1836,0.0333,-1.9911,0.0355,-2.0476,0.0343,-1.6999,0.0399,-1.7296,0.0382,-1.8018,0.0425,-1.799,0.0401,LP635-14         ,306.69513,-0.62088,-2.3198,0.0193,-1.6999,0.0399,-2.2039,0.0342,-0.504,0.0741,0.6198999999999999,0.0592
154,hd338529  ,unclassified,0,0.0,6351,4.1,1.5,-2.2188,0.0428,-2.2283,0.0449,-2.1005,0.0281,-2.0896,0.0259,-1.8885,0.0409,-1.9509,0.0343,-1.5088,0.0252,-1.5432,0.0238,-1.5865,0.0293,-1.5957,0.0272,HD338529         ,293.13296,26.39059,-2.2188,0.0428,-1.5088,0.0252,-2.1005,0.0281,-0.5916999999999999,0.0533,0.71,0.068
155,hd84937  ,unclassified,0,0.0,6340,4.05,1.5,-2.0527,0.0198,-2.0905,0.02,-2.0402,0.0367,-2.0433,0.0361,-1.8558,0.0384,-1.9156,0.0369,-1.518,0.0106,-1.5525,0.0069,-1.592,0.0058,-1.6029,0.0032,HD84937          ,147.23374,13.74426,-2.0527,0.0198,-1.518,0.0106,-2.0402,0.0367,-0.5222,0.0473,0.5347000000000002,0.030400000000000003
156,g166-54  ,unclassified,0,0.0,6381,4.25,1.5,-2.53,0.0213,-2.5646,0.0231,-2.6209,0.0588,-2.5738,0.0554,-2.3734,0.0426,-2.4253,0.0461,-1.8437,0.0202,-1.8745,0.021,-1.969,0.0279,-1.9606,0.0273,G166-54          ,223.54464,25.56359,-2.53,0.0213,-1.8437,0.0202,-2.6209,0.0588,-0.7771999999999999,0.079,0.6862999999999999,0.041499999999999995
157,g126-52  ,unclassified,0,0.0,6359,4.16,1.5,-2.16,0.02,-2.1976,0.0206,-2.1658,0.0311,-2.1538,0.0292,-1.9697,0.0379,-2.0261,0.0339,-1.6196,0.0411,-1.6505,0.0388,-1.7143,0.0442,-1.7146,0.0409,G126-52          ,331.05575,19.54843,-2.16,0.02,-1.6196,0.0411,-2.1658,0.0311,-0.5462,0.0722,0.5404000000000002,0.0611
158,g59-27  ,unclassified,0,0.0,6232,4.18,1.5,-1.8736,0.0199,-1.9248,0.02,-1.7437,0.0103,-1.7595,0.012,-1.5699,0.0138,-1.6439,0.0111,-1.1825,0.0191,-1.2253,0.0224,-1.2475,0.0254,-1.2688,0.0287,G59-27           ,189.16438,27.47449,-1.8736,0.0199,-1.1825,0.0191,-1.7437,0.0103,-0.5611999999999999,0.0294,0.6910999999999998,0.039
159,g48-29  ,unclassified,0,0.0,6471,4.21,1.5,-2.5518,0.0259,-2.5812,0.0275,-2.6693,0.0532,-2.6121,0.05,-2.3985,0.0463,-2.4482,0.0459,-1.9644,0.0927,-1.9938,0.0896,-2.0845,0.0863,-2.0765,0.0852,G48-29           ,145.18002,1.0082,-2.5518,0.0259,-1.9644,0.0927,-2.6693,0.0532,-0.7048999999999999,0.1459,0.5874000000000001,0.11860000000000001
160,g04-37  ,unclassified,0,0.0,6277,4.26,1.5,-2.3779,0.0233,-2.4201,0.0245,-2.3217,0.0409,-2.2985,0.0397,-2.1208,0.0435,-2.1766,0.0413,-1.5943,0.0061,-1.6238,0.0056,-1.7051,0.0095,-1.7003,0.0107,G04-37           ,41.1462,8.48058,-2.3779,0.0233,-1.5943,0.0061,-2.3217,0.0409,-0.7273999999999998,0.047,0.7835999999999999,0.029400000000000003
161,cs22943-0095,unclassified,0,0.0,6314,4.17,1.5,-2.1792,0.0199,-2.22,0.0211,-2.0143,0.0197,-2.0097,0.0184,-1.8198,0.0277,-1.8818,0.0231,-1.4384,0.0091,-1.4745,0.0127,-1.5207,0.0175,-1.5306,0.0199,BPS CS 22943-0095,306.87495,-46.84898,-2.1792,0.0199,-1.4384,0.0091,-2.0143,0.0197,-0.5759000000000001,0.0288,0.7407999999999999,0.029
162,cd-711234  ,unclassified,0,0.0,6315,4.18,1.5,-2.297,0.0202,-2.3362,0.0216,-2.3099,0.0509,-2.2871,0.0496,-2.112,0.048,-2.1639,0.0483,-1.7279,0.0594,-1.7565,0.0616,-1.8421,0.0756,-1.8349,0.074,CD-711234        ,241.93601,-71.35038,-2.297,0.0202,-1.7279,0.0594,-2.3099,0.0509,-0.5819999999999999,0.11030000000000001,0.5691000000000002,0.0796
163,cd-2417504  ,unclassified,0,0.0,6323,4.33,1.5,-3.1599,0.0357,-3.202,0.0387,-2.8615,0.03,-2.8043,0.0298,-2.5758,0.0314,-2.6337,0.0321,-2.5095,0.2,-2.5396,0.2,-2.6886,0.2,-2.6676,0.2,CD-2417504       ,346.83439,-23.87665,-3.1599,0.0357,-2.5095,0.2,-2.8615,0.03,-0.35199999999999987,0.23,0.6503999999999999,0.23570000000000002
164,lp815-43  ,unclassified,0,0.0,6461,4.11,1.5,-2.681,0.0229,-2.7093,0.0249,-2.587,0.0393,-2.5308,0.0391,-2.2963,0.0375,-2.352,0.0357,-2.0552,0.0501,-2.0809,0.0512,-2.1767,0.0646,-2.1663,0.0625,LP815-43         ,309.55542,-20.43635,-2.681,0.0229,-2.0552,0.0501,-2.587,0.0393,-0.5318,0.08940000000000001,0.6257999999999999,0.073
165,hd215801  ,unclassified,0,0.0,6054,3.85,1.5,-2.2028,0.0202,-2.2519,0.0208,-2.2364,0.0484,-2.2323,0.0482,-2.0724,0.0423,-2.1287,0.0451,-1.5361,0.0206,-1.5579,0.0231,-1.6336,0.0308,-1.6323,0.0316,HD215801         ,342.12261,-46.06404,-2.2028,0.0202,-1.5361,0.0206,-2.2364,0.0484,-0.7003000000000001,0.069,0.6666999999999998,0.0408
166,hd188031  ,unclassified,0,0.0,6192,4.21,1.5,-1.6385,0.0183,-1.6969,0.017,-1.6741,0.0199,-1.6973,0.0208,-1.5012,0.0199,-1.5829,0.0173,-1.0609,0.0199,-1.1019,0.022,-1.1195,0.0257,-1.1401,0.0276,HD188031         ,298.7444,-42.64539,-1.6385,0.0183,-1.0609,0.0199,-1.6741,0.0199,-0.6132,0.0398,0.5776000000000001,0.0382
167,hd181743  ,unclassified,0,0.0,5971,4.42,1.3,-1.7896,0.021,-1.8494,0.0204,-1.6836,0.0164,-1.7184,0.0169,-1.5674,0.0181,-1.6442,0.016,-1.1162,0.0068,-1.1449,0.0056,-1.235,0.0093,-1.2336,0.0112,HD181743         ,290.92811,-45.08248,-1.7896,0.021,-1.1162,0.0068,-1.6836,0.0164,-0.5673999999999999,0.023200000000000002,0.6734,0.027800000000000002
168,hd160617  ,unclassified,0,0.0,6005,3.9,1.5,-1.6947,0.0136,-1.7149,0.0148,-1.7709,0.0202,-1.8019,0.015,-1.6124,0.0343,-1.6959,0.0235,-1.3215,0.0074,-1.3382,0.0033,-1.4003,0.0026,-1.4035,0.0035,HD160617         ,265.70551,-40.32097,-1.6947,0.0136,-1.3215,0.0074,-1.7709,0.0202,-0.4494,0.0276,0.3732000000000002,0.020999999999999998
169,hd140283  ,unclassified,0,0.0,5762,3.66,1.5,-2.3645,0.0291,-2.3949,0.0284,-2.2129,0.0288,-2.2123,0.0257,-2.0748,0.0348,-2.1292,0.0297,-1.7159,0.0197,-1.7167,0.0189,-1.8403,0.0196,-1.8138,0.0195,HD140283         ,235.7629,-10.9335,-2.3645,0.0291,-1.7159,0.0197,-2.2129,0.0288,-0.4969999999999999,0.0485,0.6486000000000001,0.048799999999999996
170,hd110621  ,unclassified,0,0.0,6130,4.1,1.5,-1.5227,0.0212,-1.587,0.0185,-1.4765,0.0111,-1.5141,0.0149,-1.3367,0.0256,-1.4151,0.0136,-0.9095,0.0381,-0.9476,0.042,-0.937,0.0491,-0.9652,0.0496,HD110621         ,190.93009,-44.67543,-1.5227,0.0212,-0.9095,0.0381,-1.4765,0.0111,-0.567,0.0492,0.6132,0.059300000000000005
171,hd108177  ,unclassified,0,0.0,6111,4.26,1.5,-1.6475,0.0218,-1.7105,0.0192,-1.5998,0.0334,-1.6285,0.0355,-1.4578,0.0252,-1.536,0.0293,-1.0091,0.0307,-1.0505,0.0229,-1.0825,0.0272,-1.1015,0.0206,HD108177         ,186.39565,1.28396,-1.6475,0.0218,-1.0091,0.0307,-1.5998,0.0334,-0.5907,0.0641,0.6383999999999999,0.052500000000000005
172,hd106038  ,unclassified,0,0.0,5992,4.24,1.5,-1.3533,0.0125,-1.3753,0.0125,-1.1221,0.0207,-1.186,0.0194,-1.0006,0.028,-1.1019,0.0215,-0.766,0.0044,-0.7828,0.0075,-0.7997,0.005,-0.8199,0.0102,HD106038         ,183.0057,13.26128,-1.3533,0.0125,-0.766,0.0044,-1.1221,0.0207,-0.3561000000000001,0.0251,0.5872999999999999,0.016900000000000002
173,g186-26  ,unclassified,0,0.0,6379,4.24,1.5,-2.543,0.0286,-2.5789,0.0302,-2.5498,0.0254,-2.5068,0.0251,-2.305,0.0198,-2.3592,0.0211,-2.0507,0.0699,-2.0782,0.0708,-2.1855,0.0855,-2.1723,0.0828,G186-26          ,306.18922,25.05197,-2.543,0.0286,-2.0507,0.0699,-2.5498,0.0254,-0.4990999999999999,0.0953,0.4923000000000002,0.0985
174,g126-62  ,unclassified,0,0.0,6197,4.14,1.5,-1.4773,0.021,-1.487,0.0153,-1.5685,0.0422,-1.5997,0.04,-1.4065,0.0426,-1.4875,0.039,-0.9707,0.0052,-1.0124,0.0011,-1.0029,0.0055,-1.0291,0.003,G126-62          ,332.88073,18.09282,-1.4773,0.021,-0.9707,0.0052,-1.5685,0.0422,-0.5978,0.0474,0.5066,0.0262
175,g66-30  ,unclassified,0,0.0,6596,4.7,1.4,-1.2667,0.021,-1.2988,0.0197,-1.5686,0.0311,-1.5868,0.0256,-1.4102,0.0256,-1.4755,0.0221,-0.8974,0.0099,-0.967,0.0157,-0.9092,0.0101,-0.9429,0.0143,G66-30           ,222.53251,0.84088,-1.2667,0.021,-0.8974,0.0099,-1.5686,0.0311,-0.6712,0.041,0.36929999999999996,0.030900000000000004
176,g64-37  ,unclassified,0,0.0,6427,4.24,1.2,-3.0543,0.0481,-3.0851,0.0522,-2.9533,0.0447,-2.8867,0.0441,-2.6428,0.0468,-2.6945,0.0471,-2.3237,0.0355,-2.3545,0.0353,-2.4799,0.0439,-2.4656,0.0418,G64-37           ,210.62538,-5.65144,-3.0543,0.0481,-2.3237,0.0355,-2.9533,0.0447,-0.6295999999999999,0.0802,0.7305999999999999,0.0836
177,g64-12  ,unclassified,0,0.0,6427,4.24,1.5,-3.2205,0.0741,-3.2575,0.0788,-3.0385,0.0652,-2.9784,0.0652,-2.7304,0.0652,-2.7832,0.0652,-2.3052,0.0667,-2.3355,0.0654,-2.4477,0.064,-2.4369,0.0634,G64-12           ,205.01038,-0.03854,-3.2205,0.0741,-2.3052,0.0667,-3.0385,0.0652,-0.7332999999999998,0.1319,0.9152999999999998,0.14079999999999998
178,g29-23  ,unclassified,0,0.0,6166,4.06,1.4,-1.6108,0.0195,-1.6563,0.0174,-1.7016,0.0058,-1.7261,0.0065,-1.5253,0.0192,-1.6055,0.0116,-1.0747,0.0096,-1.1115,0.0061,-1.1195,0.0067,-1.1392,0.005,G29-23           ,349.91854,3.3713,-1.6108,0.0195,-1.0747,0.0096,-1.7016,0.0058,-0.6269,0.015399999999999999,0.5361,0.0291
179,g24-03  ,unclassified,0,0.0,6027,4.35,1.5,-1.4868,0.0217,-1.5704,0.0198,-1.7637,0.0494,-1.7938,0.044,-1.6328,0.0582,-1.7109,0.0489,-1.1361,0.0326,-1.1575,0.0342,-1.2385,0.041,-1.2371,0.0422,G24-03           ,301.43465,4.048,-1.4868,0.0217,-1.1361,0.0326,-1.7637,0.0494,-0.6275999999999999,0.08199999999999999,0.3506999999999998,0.0543
180,g20-08  ,unclassified,0,0.0,6125,4.38,1.5,-2.0917,0.0188,-2.1481,0.0203,-1.9196,0.0167,-1.9336,0.0157,-1.7722,0.0218,-1.8403,0.0176,-1.3852,0.0688,-1.4178,0.0624,-1.5038,0.0634,-1.5035,0.0573,G20-08           ,264.93998,2.41656,-2.0917,0.0188,-1.3852,0.0688,-1.9196,0.0167,-0.5344,0.08549999999999999,0.7064999999999999,0.0876
181,g13-09  ,unclassified,0,0.0,6330,4.0,1.5,-2.3167,0.0605,-2.3127,0.0412,-2.1086,0.0188,-2.098,0.0183,-1.8681,0.0288,-1.9392,0.0245,-1.6099,0.017,-1.6422,0.0182,-1.693,0.0236,-1.6991,0.024,G13-09           ,181.8128,-5.73378,-2.3167,0.0605,-1.6099,0.017,-2.1086,0.0188,-0.4986999999999999,0.0358,0.7067999999999999,0.0775
182,g11-44  ,unclassified,0,0.0,6108,4.41,1.2,-1.9433,0.0184,-1.985,0.0174,-1.889,0.007,-1.8998,0.0086,-1.7637,0.0061,-1.8205,0.0079,-1.3263,0.0288,-1.355,0.0244,-1.4451,0.0217,-1.4401,0.0189,G11-44           ,182.73239,0.39843,-1.9433,0.0184,-1.3263,0.0288,-1.889,0.007,-0.5627,0.0358,0.617,0.0472
183,cd-4214278  ,unclassified,0,0.0,6011,4.38,1.5,-1.9588,0.0198,-2.0283,0.0212,-1.9109,0.0461,-1.9396,0.0423,-1.7892,0.0513,-1.8617,0.0452,-1.4239,0.0109,-1.4484,0.0067,-1.5554,0.0031,-1.5459,0.0035,CD-4214278       ,293.07978,-42.21214,-1.9588,0.0198,-1.4239,0.0109,-1.9109,0.0461,-0.4870000000000001,0.057,0.5349000000000002,0.0307
184,cd-3514849  ,unclassified,0,0.0,6254,4.27,1.5,-2.2666,0.0171,-2.2752,0.0278,-2.1693,0.0435,-2.1563,0.0437,-1.9783,0.0382,-2.0401,0.0412,-1.6417,0.0033,-1.6697,0.0036,-1.7601,0.0105,-1.7518,0.0112,CD-3514849       ,323.4573,-35.43729,-2.2666,0.0171,-1.6417,0.0033,-2.1693,0.0435,-0.5275999999999998,0.046799999999999994,0.6249,0.0204
185,cd-3018140  ,unclassified,0,0.0,6241,4.13,1.5,-1.8478,0.0375,-1.866,0.0407,-1.8088,0.0198,-1.8252,0.0228,-1.6292,0.0147,-1.7042,0.0172,-1.1895,0.0031,-1.2318,0.007,-1.2473,0.0069,-1.27,0.0112,CD-3018140       ,311.0262,-30.00211,-1.8478,0.0375,-1.1895,0.0031,-1.8088,0.0198,-0.6193,0.0229,0.6583000000000001,0.0406
186,lp651-04  ,unclassified,0,0.0,6353,4.22,1.5,-2.553,0.028,-2.5888,0.0294,-2.5456,0.0519,-2.5024,0.0491,-2.3039,0.0455,-2.3563,0.0454,-1.7141,0.0303,-1.7436,0.0304,-1.8261,0.0351,-1.8198,0.0346,LP651-04         ,41.04882,-5.45,-2.553,0.028,-1.7141,0.0303,-2.5456,0.0519,-0.8314999999999999,0.0822,0.8389,0.058300000000000005
