JINA_ID,Ref,Name,Simbad_Identifier,NLTE,I_mag,Teff,logg,Mg/H,C/Mg
37,ROE10,CS22876-040,2MASS_J00045244-3413372,*,,6280,3.7,'-2.07,<0.43
38,ROE14b,CS22876-040,2MASS_J00045244-3413372,*,,6090,3.8,'-2.15,<0.07
39,AOK07a,CS29503-010,2MASS_J00045537-2424193,*,13.128,6500,4.5,'-0.77,0.74
44,ALL12,CS31070-073,2MASS_J00085182+0526171,*,13.903,6190,3.86,'-2.02,0.81
45,COH04,HE0007-1832,2MASS_J00095277-1816124,*,,6515,3.8,'-1.95,1.81
46,COH13,HE0007-1832,2MASS_J00095277-1816124,*,,6500,3.8,'-2.24,2.23
50,COH06,HE0012-1441,2MASS_J00152706-1424376,*,,5730,3.5,'-1.67,0.9
51,COH13,HE0012-1441,2MASS_J00152706-1424376,*,,5750,3.5,'-1.69,0.88
54,ROE14b,CS30339-015,2MASS_J00165810-3348175,*,,5840,3.6,'-2.56,0.04
62,BON09,BS17570-063,2MASS_J00203619+2347376,*,,6242,4.75,'-2.86,0.46
65,BAR05,HE0018-1349,2MASS_J00205238-1332296,*,14.995,5719,4.62,'-1.98,0.04
66,ROE14b,CS22882-006,2MASS_J00215986-2929265,*,,5800,3.6,'-2.48,'-0.27
71,BAR05,HE0023-4825,2MASS_J00255030-4808270,*,13.161,5816,3.63,'-1.86,0.07
74,LUC03,HE0024-2523,2MASS_J00272766-2506281,*,,6625,4.3,'-2.01,1.98
79,BON09,CS30339-069,2MASS_J00301595-3556512,*,,6242,4,'-2.92,0.52
80,ROE14b,CS30339-069,2MASS_J00301595-3556512,*,,5900,3.55,'-3.04,<0.61
83,ROE14b,CS22882-012,2MASS_J00302250-2735272,*,,6290,3.8,'-2.39,0.74
91,AOK08,SDSS0036-10,2MASS_J00360218-1043362,*,,6500,4.5,'-2.23,2.1
95,BAR05,HE0043-2845,2MASS_J00455594-2829172,*,14.555,5517,4.42,'-2.63,'-0.12
97,BAR05,HE0044-4023,2MASS_J00462937-4007226,*,15.502,5694,3.26,'-2.34,0.14
101,BAR05,HE0049-5700,2MASS_J00520684-5644374,*,15.299,5952,4.08,'-2.05,0.0
102,YON13,HE0049-3948,2MASS_J00521335-3932368,*,,6466,3.78,'-3.39,<1.52
106,BAR05,HE0054-0657,2MASS_J00572078-0640593,*,14.716,5908,4.4,'-1.79,0.04
123,COH06,HE0058-0244,2MASS_J01005303-0228200,*,12.942,5620,3.4,'-2.27,1.6
124,COH13,CS22183-015,2MASS_J01005303-0228200,*,12.942,5620,3.4,'-2.26,1.55
138,YON13,HE0102-1213,2MASS_J01052796-1157310,*,,6100,3.65,'-3.22,<1.25
163,ROE14b,CS29514-037,2MASS_J01214169-2703312,*,,5970,3.7,'-2.38,'-0.05
171,AOK08,SDSS0126+06,2MASS_J01261795+0607248,*,,6600,4.1,'-2.57,2.34
172,AOK13,SDSSJ012617.95+060724.8,2MASS_J01261795+0607248,*,,6900,4,'-2.35,2.42
174,ROE14b,CS29504-006,2MASS_J01320497-3622429,*,13.844,6150,3.7,'-2.75,1.22
176,BAR05,HE0131-3953,2MASS_J01333645-3937519,*,15.323,5928,3.83,'-2.39,2.12
181,COH04,HE0143-0441,2MASS_J01453792-0426434,*,,6370,4.4,'-1.75,1.21
182,COH06,HE0143-0441,2MASS_J01453792-0426434,*,,6240,3.7,'-1.74,1.57
183,COH13,HE0143-0441,2MASS_J01453792-0426434,*,,6240,3.7,'-1.7,1.49
184,BAR05,HE0143-1135,2MASS_J01461033-1120107,*,14.769,5629,4.53,'-1.82,'-0.12
188,ROE14a,CS22958-042,2MASS_J02010743-5716588,*,13.902,5760,3.55,'-2.65,1.81
189,ROE14b,CS22958-042,2MASS_J02010743-5716588,*,13.902,5760,3.55,'-2.65,1.81
190,SIV06,CS22958-042,2MASS_J02010743-5716588,*,13.902,6250,3.5,'-2.55,2.82
208,AOK07a,CS29528-028,2MASS_J02282654-2133009,*,14.015,6800,4,'-1.24,1.11
210,BAR05,HE0231-4016,2MASS_J02334439-4003428,*,15.475,5972,3.59,'-1.88,1.12
211,HAN15,HE0233-0343,2MASS_J02362978-0330060,*,14.818,6100,3.4,'-4.09,2.89
212,HAN14,HE0233-0343,2MASS_J02362978-0330060,*,14.818,6100,3.4,'-4.11,3.03
214,BON09,CS31061-032,2MASS_J02384329+0319024,*,13.29,6409,4.25,'-2.38,0.48
231,BAR05,HE0244-4111,2MASS_J02455745-4059068,*,14.302,5624,3.39,'-2.24,'-0.11
235,LAI08,CS22963-004,2MASS_J02564657-0451174,*,,5659,3.4,'-3.09,0.16
237,BAR05,HE0256-1109,2MASS_J02591016-1058019,*,14.891,5891,4.04,'-2.28,0.18
267,BAR05,HE0317-4640,2MASS_J03185625-4629276,*,15.974,5872,4.1,'-2.03,'-0.11
272,AOK02d,CS29526-110,2MASS_J03274362-2300299,*,12.834,6500,3.2,'-2.1,2.01
273,AOK08,CS29526-110,2MASS_J03274362-2300299,*,12.834,6800,4.1,'-1.91,1.88
277,BAR05,HE0330-4004,2MASS_J03320737-3954501,*,15.478,5946,3.78,'-1.97,'-0.18
278,BAR05,HE0330-4144,2MASS_J03321621-4134485,*,15.383,5961,4.2,'-1.64,'-0.1
280,BAR05,HE0333-4001,2MASS_J03352577-3951468,*,15.52,5892,4.31,'-2.29,'-0.08
281,BAR05,HE0336-3829,2MASS_J03383179-3820140,*,16.123,5740,3.22,'-2.43,'-0.13
283,BAR05,HE0338-3945,2MASS_J03395500-3935429,*,14.787,6162,4.09,'-2.04,1.66
284,JON06,HE0338-3945,2MASS_J03395500-3935429,*,14.787,6160,4.13,'-2.15,1.8
285,BAR05,HE0339-4027,2MASS_J03404965-4017354,*,13.819,5896,4.11,'-1.53,'-0.14
288,BAR05,HE0340-3430,2MASS_J03420477-3420500,*,14.189,5914,3.81,'-1.78,'-0.15
289,BAR05,HE0341-4024,2MASS_J03430809-4015295,*,13.047,6108,4.2,'-1.65,0.05
291,BAR05,HE0344+0139,2MASS_J03471573+0149030,*,14.614,6291,4.18,'-1.7,0.27
292,BAR05,HE0347-1819,2MASS_J03491837-1810405,*,14.719,5198,4.23,'-2.37,'-0.41
299,ROE14b,CS29529-054,2MASS_J03592387-6210089,*,14.149,5710,3.55,'-2.21,0.05
302,AOK07a,HE0400-2030,2MASS_J04021479-2021535,*,13.164,5600,3.5,'-1.18,0.55
305,BON09,CS22177-009,2MASS_J04074064-2502439,*,,6257,4.5,'-2.9,0.3
306,ROE14b,CS22177-009,2MASS_J04074064-2502439,*,,5940,3.55,'-3.07,<0.59
317,HAN15,HE0411-3558,2MASS_J04130905-3550386,*,12.352,6300,3.7,'-2.57,<0.46
321,ROE14b,CS22186-017,2MASS_J04162226-3417576,*,,5770,3.55,'-2.3,'-0.27
322,BAR05,HE0417-0821,2MASS_J04193150-0814193,*,14.038,5811,4.83,'-2.11,'-0.01
326,PRE06,CS22182-033,2MASS_J04231047-3037041,*,,5700,3.3,'-2.39,'-0.04
327,ROE14b,CS22182-033,2MASS_J04231047-3037041,*,,5810,3.6,'-2.31,'-0.03
335,BAR05,HE0430-4404,2MASS_J04313811-4357486,*,15.166,6214,4.27,'-1.81,1.13
338,BAR05,HE0441-4343,2MASS_J04432041-4338205,*,14.835,5629,3.59,'-2.23,0.0
340,SIV06,CS31080-095,2MASS_J04442200-4513542,*,12.372,6050,4.5,'-2.22,2.04
344,BAR05,HE0447-4858,2MASS_J04490101-4853361,*,15.624,5995,3.86,'-1.46,'-0.23
350,BAR05,HE0501-5139,2MASS_J05024821-5135362,*,15.475,5861,3.54,'-2.21,0.19
354,BAR05,HE0513-4557,2MASS_J05151221-4554104,*,15.045,5629,3.62,'-2.47,0.03
358,BAR05,HE0519-5525,2MASS_J05195914-5522418,*,14.284,5580,3.48,'-2.13,'-0.14
366,BAR05,HE0538-4515,2MASS_J05394613-4513330,*,14.988,5896,3.97,'-1.33,'-0.08
370,AOK08,SDSS0817+26,2MASS_J08175492+2641038,*,,6300,4,'-2.8,<1.97
378,AOK08,SDSS0924+40,2MASS_J09240185+4059288,*,,6200,4,'-2.05,2.22
380,BAR05,HE0951-1152,2MASS_J09541733-1206151,*,14.789,5349,4.75,'-2.1,'-0.45
389,COH08,HE1012-1540,2MASS_J10145347-1555532,*,,5620,3.4,'-1.61,0.56
390,COH13,HE1012-1540,2MASS_J10145347-1555532,*,,5520,4.7,'-2.15,0.98
399,HAN15,HE1029-0546,2MASS_J10314811-0601439,*,,6650,4.3,'-3.31,2.67
407,BAR05,HE1052-2548,2MASS_J10552053-2604480,*,12.541,6534,4.52,'-2.15,0.33
412,BAR05,HE1059-0118,2MASS_J11020338-0134144,*,15.022,5560,4.3,'-2.36,'-0.12
415,BAR05,HE1105+0027,2MASS_J11074950+0011383,*,15.018,6132,3.45,'-1.97,1.51
417,BAR05,HE1122-1429,2MASS_J11250669-1446042,*,15.417,5787,3.29,'-2.34,0.09
421,BAR05,HE1126-1735,2MASS_J11285140-1751429,*,15.232,5689,3.31,'-2.4,'-0.1
425,BAR05,HE1128-0823,2MASS_J11304432-0839547,*,14.551,5909,3.71,'-2.5,0.22
427,BAR05,HE1132+0125,2MASS_J11344670+0109013,*,15.139,5732,3.54,'-2.02,'-0.16
434,BAR05,HE1148-0037,2MASS_J11511498-0054111,*,12.946,5964,4.16,'-3.57,0.9
444,BAR05,HE1210-1956,2MASS_J12125088-2012581,*,15.526,5790,3.3,'-2.18,'-0.21
445,BAR05,HE1210+0048,2MASS_J12132784+0032111,*,15.088,6028,3.73,'-2.03,0.3
449,BAR05,HE1217-0540,2MASS_J12195366-0557158,*,14.253,5700,4.2,'-2.54,0.37
450,HAN15,HE1218-1828,2MASS_J12211935-1845349,*,,5900,3.5,'-3.11,<0.95
458,BAR05,HE1221-1948,2MASS_J12234774-2004459,*,15.27,6083,3.81,'-2.58,0.61
460,BAR05,HE1221-0522,2MASS_J12240770-0539112,*,15.495,5789,4.04,'-2.41,0.06
461,BAR05,HE1222-0336,2MASS_J12245239-0353061,*,15.056,6052,3.96,'-1.97,0.11
468,BAR05,HE1225-0515,2MASS_J12281241-0531404,*,14.947,6210,3.81,'-1.8,0.31
469,BAR05,HE1230-1724,2MASS_J12325705-1741270,*,15.136,5952,3.98,'-2.1,'-0.11
489,BAR05,HE1256-0651,2MASS_J12591309-0707191,*,14.287,6137,4.05,'-2.16,0.38
491,BAR05,HE1259-0621,2MASS_J13015111-0637140,*,15.571,5787,3.68,'-2.34,0.07
494,BAR05,HE1300-2201,2MASS_J13031731-2217379,*,14.772,6332,4.64,'-2.33,0.7
524,BAR05,HE1330-0354,2MASS_J13331067-0410057,*,14.38,6257,4.13,'-1.99,0.71
530,BAR05,HE1337-0453,2MASS_J13395820-0508313,*,15.558,5938,3.56,'-1.98,'-0.28
532,BAR05,HE1343-0640,2MASS_J13460903-0655464,*,15.16,5942,3.97,'-1.55,0.38
561,BON09,BS16023-046,2MASS_J14005447+2246423,*,,6364,4.5,'-2.93,0.63
571,BAR05,HE1421-2006,2MASS_J14235044-2020106,*,15.717,5687,3.73,'-2.29,'-0.1
579,BAR05,HE1430-0026,2MASS_J14331629-0039476,*,14.887,5855,4.12,'-2.51,0.21
582,BAR05,HE1430-1123,2MASS_J14333363-1137073,*,15.403,5915,3.75,'-2.37,1.47
583,BAR05,HE1431-2142,2MASS_J14340669-2155166,*,15.021,6137,4.1,'-2.26,0.11
605,BON09,BS16472-070,2MASS_J15082967-0035591,*,12.37,6334,4,'-2.49,0.09
631,LAI08,CS22884-0108,2MASS_J15495758-0914092,*,,6290,4.44,<-2.98,<0.85
632,ROE14b,CS22884-108,2MASS_J15495758-0914092,*,,6320,3.75,'-2.79,<1.06
635,LI15a,LAMOSTJ1626+1721,2MASS_J16261477+1721121,*,,5930,3.6,'-2.7,0.57
655,AOK08,SDSS1707+58,2MASS_J17073392+5850598,*,,6700,4.2,'-1.46,1.03
656,LI15a,LAMOSTJ1709+1616,2MASS_J17095978+1616133,*,,5780,3.5,'-3.43,1.3
717,PRE01,CS22880-074,2MASS_J20460321-2059141,*,12.382,6050,4,'-1.74,1.56
739,MAS12,CS22898-027,2MASS_J21054509-1836574,*,12.094,6000,3.5,'-2.15,1.72
740,MCW95,CS22898-027,2MASS_J21054509-1836574,*,12.094,6000,3.6,'-2.29,1.96
741,PRE01,CS22898-027,2MASS_J21054509-1836574,*,12.094,6300,4,'-2.06,1.93
742,ROE14a,CS30492-001,2MASS_J21055523-4210101,*,,5790,3.65,'-2.15,'-0.25
743,ROE14b,CS30492-001,2MASS_J21055523-4210101,*,,5790,3.65,'-2.15,'-0.25
751,BAR05,HE2133-1432,2MASS_J21362253-1419203,*,14.604,5716,3.46,'-1.7,'-0.24
775,COH03,HE2148-1247,2MASS_J21511791-1233417,*,,6380,3.9,'-1.88,1.53
776,COH13,HE2148-1247,2MASS_J21511791-1233417,*,,6380,3.9,'-1.94,1.55
778,BAR05,HE2150-0825,2MASS_J21530016-0811182,*,14.316,5960,3.67,'-1.65,0.98
779,BAR05,HE2151-2858,2MASS_J21540157-2844199,*,15.382,5598,4.14,'-2.03,'-0.29
802,BAR05,HE2200-2030,2MASS_J22030253-2015584,*,14.993,5870,3.42,'-1.78,'-0.16
810,PRE01,CS22881-036,2MASS_J22075843-4044164,*,13.278,6200,4,'-1.67,1.67
811,ROE14b,CS22881-036,2MASS_J22075843-4044164,*,13.278,5940,3.7,'-1.8,1.42
858,BAR05,HE2221-4150,2MASS_J22244729-4135388,*,16.05,5887,4.06,'-1.73,'-0.11
871,BAR05,HE2227-4044,2MASS_J22301908-4029130,*,14.28,5811,3.85,'-2.04,1.36
882,COH06,HE2232-0603,2MASS_J22344742-0548172,*,15.591,5750,3.5,'-1.06,0.59
883,COH13,HE2232-0603,2MASS_J22344742-0548172,*,15.591,5550,3.5,'-1.61,0.64
893,HAN15,HE2239-5019,2MASS_J22422683-5004009,*,15.24,6100,3.5,'-3.7,<1.25
894,HAN14,HE2239-5019,2MASS_J22422683-5004009,*,15.24,6100,3.5,'-3.72,<1.39
895,BAR05,HE2240-0412,2MASS_J22425807-0356340,*,15.168,5852,4.33,'-1.94,1.05
897,BAR05,HE2243-0151,2MASS_J22460884-0135546,*,14.863,6113,3.88,'-1.45,0.06
902,BAR05,HE2250-2132,2MASS_J22534047-2116238,*,13.662,5705,3.69,'-1.92,0.07
908,BAR05,HE2259-3407,2MASS_J23021574-3351110,*,16.33,6266,4.32,'-2.08,0.16
910,BAR05,HE2301-4126,2MASS_J23035017-4110262,*,15.352,5841,3.66,'-2.17,0.15
911,BAR05,HE2301-4024,2MASS_J23041403-4008201,*,15.774,5743,3.76,'-1.92,0.08
912,ROE14b,CS22888-002,2MASS_J23043723-3639579,*,,5700,3.5,'-2.43,0.0
919,MAS12,CS22949-008b,2MASS_J23165873-0320525,*,13.545,5300,4.7,'-1.6,1.02
920,MAS12,CS22949-008a,2MASS_J23165873-0320525,*,13.545,6300,4,'-1.6,1.02
940,BAR05,HE2325-0755,2MASS_J23275962-0739134,*,13.251,5665,3.17,'-2.55,'-0.12
941,IVA03,CS22941-012,2MASS_J23282973-3248464,*,,7200,4.6,'-1.77,'-0.16
951,BAR05,HE2329-3702,2MASS_J23321815-3645580,*,15.228,6060,3.72,'-1.86,'-0.18
958,BON09,CS22966-011,2MASS_J23350705-3022543,*,,6204,4.75,'-2.88,0.38
973,BAR05,HE2335-5958B,2MASS_J23381929-5942051,*,,5765,3.24,'-2.13,'-0.15
976,BAR05,HE2338-1311,2MASS_J23410835-1255098,*,14.907,5582,3.5,'-2.5,'-0.06
980,BAR05,HE2345-1919,2MASS_J23475551-1902375,*,14.486,5617,4.46,'-2.15,'-0.11
988,BAR05,HE2347-1448,2MASS_J23495834-1432155,*,14.615,6162,3.98,'-2.2,0.35
989,BAR05,HE2347-1254,2MASS_J23501000-1237502,*,12.779,6132,3.95,'-1.56,'-0.04
1081,IVA03,G84-29b,BD+03_740,*,9.4,6330,3.55,'-2.38,'-0.29
1082,LAI08,G84-29,BD+03_740,*,9.4,6557,4.28,'-2.5,0.47
1157,IVA03,BD+241676,BD+24_1676,*,10.1,6250,3.45,'-2.03,'-0.38
1158,LAI08,BD+241676,BD+24_1676,*,10.1,6241,3.81,'-2.28,0.15
1160,ROE14b,BD+241676,BD+24_1676,*,10.1,6140,3.75,'-2.34,0.1
1183,ROE14b,G190-15,BD+38_4955,*,9.92,4950,3.85,'-2.71,0.03
1188,ITO09,BD+44493,BD+44_493,*,,5510,3.7,'-3.23,0.82
1202,LAI08,BS16077-007,BPS_BS_16077-0007,*,,6544,4.29,'-2.4,0.37
1215,BON09,BS16968-061,BPS_BS_16968-0061,*,,6035,3.75,'-2.78,0.3
1223,ROE14b,CS22169-008,BPS_CS_22169-0008,*,,5810,3.6,'-2.37,'-0.3
1224,ROE14b,CS22171-031,BPS_CS_22171-0031,*,,6010,3.7,'-2.15,'-0.03
1225,ROE14b,CS22171-037,BPS_CS_22171-0037,*,,6110,3.65,'-3.29,<0.96
1227,ROE14b,CS22174-020,BPS_CS_22174-0020,*,,5840,3.55,'-2.79,<0.26
1228,ROE14b,CS22177-010,BPS_CS_22177-0010,*,,6050,3.7,'-2.57,<0.29
1233,MCW95,CS22783-055,BPS_CS_22783-0055,*,,7880,4.2,'-2.5,'-0.83
1234,ROE14b,CS22871-104,BPS_CS_22871-0104,*,,6370,4,'-1.7,<0.32
1236,ROE14b,CS22872-102,BPS_CS_22872-0102,*,,6020,3.65,'-2.38,0.18
1237,ROE14b,CS22873-072,BPS_CS_22873-0072,*,,6030,3.7,'-2.74,0.32
1246,ROE14b,CS22874-123,BPS_CS_22874-0123,*,,6240,3.8,'-2.5,0.43
1252,ROE14b,CS22877-015,BPS_CS_22877-0015,*,,6150,3.85,'-1.67,'-0.17
1253,ROE14b,CS22877-051,BPS_CS_22877-0051,*,,6050,3.7,'-2.58,<0.15
1254,ROE14b,CS22878-002,BPS_CS_22878-0002,*,,5850,3.55,'-2.48,'-0.04
1255,LAI08,CS22878-027,BPS_CS_22878-0027,*,,6348,4.39,'-2.48,0.95
1256,ROE14b,CS22878-027,BPS_CS_22878-0027,*,,5820,3.55,'-2.65,0.34
1257,ROE14b,CS22879-012,BPS_CS_22879-0012,*,,6020,3.65,'-2.6,'-0.05
1258,ROE14b,CS22879-029,BPS_CS_22879-0029,*,13.821,5920,3.7,'-2.12,1.03
1259,ROE14b,CS22879-051,BPS_CS_22879-0051,*,,6190,3.75,'-2.56,<0.48
1260,ROE14b,CS22879-094,BPS_CS_22879-0094,*,,5820,3.6,'-2.63,'-0.23
1274,ROE14b,CS22881-070,BPS_CS_22881-0070,*,,6020,3.7,'-2.73,<0.4
1276,ROE14b,CS22884-020,BPS_CS_22884-0020,*,,6040,3.75,'-2.09,'-0.02
1278,ROE14b,CS22885-040,BPS_CS_22885-0040,*,,6160,3.75,'-2.43,0.23
1280,ROE14b,CS22885-203,BPS_CS_22885-0203,*,,5820,3.6,'-2.31,'-0.21
1281,ROE14b,CS22886-012,BPS_CS_22886-0012,*,,5650,3.5,'-2.5,'-0.27
1284,BON09,CS22888-031,BPS_CS_22888-0031,*,,6151,5,'-3.09,0.29
1285,ROE14b,CS22888-031,BPS_CS_22888-0031,*,,5810,3.5,'-3.22,0.43
1290,ROE14b,CS22889-050,BPS_CS_22889-0050,*,,5920,3.6,'-2.59,<0.26
1291,ROE14b,CS22890-011,BPS_CS_22890-0011,*,,6010,3.7,'-2.43,<0.2
1294,ROE14b,CS22892-025,BPS_CS_22892-0025,*,,6140,3.75,'-2.43,0.41
1300,ROE14b,CS22893-011,BPS_CS_22893-0011,*,,6010,3.75,'-2.04,'-0.02
1301,ROE14b,CS22894-004,BPS_CS_22894-0004,*,,5920,3.65,'-2.49,'-0.05
1302,ROE14b,CS22894-019,BPS_CS_22894-0019,*,,5930,3.6,'-2.57,'-0.09
1304,ROE14b,CS22894-049,BPS_CS_22894-0049,*,,5870,3.9,'-2.46,0.04
1309,ROE14b,CS22896-115,BPS_CS_22896-0115,*,,5910,3.65,'-2.38,'-0.06
1310,ROE14b,CS22896-136,BPS_CS_22896-0136,*,,6190,3.85,'-2.07,0.96
1326,ROE14b,CS22943-059,BPS_CS_22943-0059,*,,5810,3.6,'-2.52,'-0.21
1327,ROE14b,CS22943-132,BPS_CS_22943-0132,*,,5850,3.6,'-2.1,0.12
1331,ROE14b,CS22944-014,BPS_CS_22944-0014,*,,6020,3.7,'-2.15,'-0.04
1332,ROE14b,CS22944-061,BPS_CS_22944-0061,*,,5920,3.6,'-2.52,0.0
1333,ROE14b,CS22945-017,BPS_CS_22945-0017,*,,6080,3.7,'-2.47,1.52
1335,ROE14b,CS22945-031,BPS_CS_22945-0031,*,,5820,3.55,'-2.69,'-0.01
1338,ROE14b,CS22945-058,BPS_CS_22945-0058,*,,5990,3.65,'-2.58,<0.55
1349,ROE10,CS22948-093,BPS_CS_22948-0093,*,,6480,4,'-3.16,<1.63
1350,ROE14b,CS22948-093,BPS_CS_22948-0093,*,,6540,3.85,'-3.05,<1.37
1353,ROE14b,CS22949-030,BPS_CS_22949-0030,*,,5890,3.6,'-2.49,0.13
1354,ROE14b,CS22951-005,BPS_CS_22951-0005,*,,5950,3.65,'-2.4,0.0
1356,ROE14b,CS22894-023,BPS_CS_22952-0011,*,,5980,3.65,'-2.7,<0.27
1357,ROE14b,CS22954-004,BPS_CS_22954-0004,*,,5810,3.55,'-2.56,'-0.19
1362,ROE14b,CS22956-015,BPS_CS_22956-0015,*,,5960,3.7,'-2.4,0.13
1363,ROE14b,CS22956-021,BPS_CS_22956-0021,*,,6020,3.7,'-2.35,'-0.01
1366,ROE14b,CS22956-081,BPS_CS_22956-0081,*,,6310,3.8,'-2.33,<0.7
1367,ROE14b,CS22956-102,BPS_CS_22956-0102,*,,6220,3.85,'-2.1,1.92
1368,ROE14b,CS22956-106,BPS_CS_22956-0106,*,,6410,3.9,'-2.33,<0.9
1371,ROE14b,CS22957-019,BPS_CS_22957-0019,*,,6070,3.75,'-2.14,0.06
1372,ROE14b,CS22957-024,BPS_CS_22957-0024,*,,6160,3.75,'-2.54,0.41
1373,ROE14b,CS22957-036,BPS_CS_22957-0036,*,,5970,3.75,'-1.93,'-0.12
1375,ROE14b,CS22958-041,BPS_CS_22958-0041,*,,6010,3.65,'-2.69,<0.66
1376,ROE14b,CS22958-052,BPS_CS_22958-0052,*,,6090,3.75,'-2.3,0.2
1378,ROE14b,CS22958-065,BPS_CS_22958-0065,*,,6020,3.75,'-1.9,'-0.01
1379,ROE14b,CS22958-074,BPS_CS_22958-0074,*,,5800,3.6,'-2.24,0.02
1381,ROE14b,CS22959-139,BPS_CS_22959-0139,*,,6090,3.75,'-2.42,0.16
1382,BAR05,CS22960-010,BPS_CS_22960-0010,*,13.137,5737,4.85,'-2.42,0.55
1383,ROE14b,CS22960-010,BPS_CS_22960-0010,*,13.137,5280,4,'-2.66,0.25
1384,ROE14b,CS22960-029,BPS_CS_22960-0029,*,,5890,3.6,'-2.62,0.02
1386,ROE14b,CS22964-115,BPS_CS_22964-0115,*,,6090,3.7,'-2.4,0.06
1387,ROE14b,CS22964-176,BPS_CS_22964-0176,*,,6000,3.7,'-2.24,'-0.07
1388,ROE14b,CS22964-183,BPS_CS_22964-0183,*,13.751,6010,3.65,'-3.07,0.89
1390,ROE14b,CS22964-214,BPS_CS_22964-0214,*,,6180,3.75,'-2.55,0.33
1394,BON09,CS22965-054,BPS_CS_22965-0054,*,14.072,6089,3.75,'-2.81,0.51
1395,LAI08,CS22965-054,BPS_CS_22965-0054,*,14.072,6205,3.73,'-2.8,<0.87
1396,ROE14b,CS22965-054,BPS_CS_22965-0054,*,14.072,6050,3.7,'-2.92,0.77
1399,PRE06,CS22968-001,BPS_CS_22968-0001,*,,6000,4,'-2.78,0.25
1400,ROE14b,CS22968-001,BPS_CS_22968-0001,*,,5940,3.65,'-2.7,0.15
1401,ROE14b,CS22968-026,BPS_CS_22968-0026,*,,5850,3.65,'-2.2,'-0.22
1402,ROE14b,CS22968-029,BPS_CS_22968-0029,*,,5760,3.5,'-2.72,0.08
1403,ROE14b,CS29493-023,BPS_CS_29493-0023,*,,5980,3.65,'-2.52,0.04
1404,ROE14b,CS29493-050,BPS_CS_29493-0050,*,,6270,3.8,'-2.47,0.39
1406,ROE14b,CS29493-094,BPS_CS_29493-0094,*,,6130,3.8,'-2.31,'-0.04
1407,ROE14b,CS29495-005,BPS_CS_29495-0005,*,,5990,3.75,'-2.02,'-0.28
1409,ROE14b,CS29499-003,BPS_CS_29499-0003,*,,6080,3.75,'-2.25,0.0
1410,ROE14b,CS29499-058,BPS_CS_29499-0058,*,,6060,3.7,'-2.47,0.25
1411,ROE14b,CS29501-032,BPS_CS_29501-0032,*,,5950,3.65,'-2.55,'-0.04
1417,BON09,CS29506-007,BPS_CS_29506-0007,*,,6273,4,'-2.65,0.35
1418,LAI08,CS29506-007,BPS_CS_29506-0007,*,,6369,3.84,'-2.59,<0.66
1419,ROE14b,CS29506-007,BPS_CS_29506-0007,*,,5940,3.6,'-2.8,<0.37
1424,BON09,CS29506-090,BPS_CS_29506-0090,*,,6303,4.25,'-2.58,0.28
1425,ROE14b,CS29506-090,BPS_CS_29506-0090,*,,5940,3.6,'-2.73,0.16
1428,ROE14b,CS22886-003,BPS_CS_29512-0030,*,,5970,3.65,'-2.38,0.0
1429,ALL12,CS29512-073,BPS_CS_29512-0073,*,13.384,5560,3.44,'-1.52,1.13
1434,ROE14b,CS29513-015,BPS_CS_29513-0015,*,,6110,3.75,'-2.39,0.14
1435,ROE10,CS29513-031,BPS_CS_29513-0031,*,,6650,3.7,'-2.36,<1.03
1436,ROE14b,CS29513-031,BPS_CS_29513-0031,*,,6600,4,'-2.37,<1.02
1437,ROE10,CS29513-032,BPS_CS_29513-0032,*,,5810,3.3,'-1.6,0.26
1438,ROE14b,CS29517-018,BPS_CS_29517-0018,*,,5680,3.5,'-2.29,'-0.07
1439,ROE14b,CS29517-042,BPS_CS_29517-0042,*,,6120,3.75,'-2.28,0.01
1440,LAI08,CS29522-046,BPS_CS_29522-0046,*,,6055,3.8,'-1.71,0.13
1441,SIV06,CS29528-041,BPS_CS_29528-0041,*,,6150,4,'-2.92,1.19
1444,ROE14b,CS22890-064,BPS_CS_30306-0117,*,,5960,3.6,'-2.7,<0.42
1454,ROE14b,CS22888-014,BPS_CS_30493-0023,*,,6020,3.7,'-2.3,<0.27
1455,ROE14b,CS30493-071,BPS_CS_30493-0071,*,,5700,3.55,'-2.37,'-0.1
1460,LAI08,CS31085-024,BPS_CS_31085-0024,*,,5949,4.57,'-2.53,0.3
1480,IVA05,CS29497-030,CD-24_266,*,12.216,7000,4.1,'-2.15,2.18
1482,ROE14b,CS29497-030,CD-24_266,*,12.216,7000,4,'-2.17,2.02
1483,SIV04,CS29497-030,CD-24_266,*,12.216,6650,3.5,'-2.18,1.95
1492,ROE14b,CS29509-027,CD-31_306,*,,6850,3.5,'-1.99,1.31
1536,ROE14b,G10-54,G_10-54,*,11.3,5210,4.4,'-2.17,'-0.41
1542,ROE14b,G122-69,G_122-69,*,11.3,6010,3.7,'-2.43,<0.6
1546,ROE14b,G25-22,G_145-28,*,,5350,3.95,'-1.98,'-0.6
1551,ROE14b,G166-47,G_166-47,*,11.7,5960,3.7,'-2.03,'-0.05
1554,ROE14b,G214-1,G_214-1,*,11,5370,4.05,'-1.99,'-0.42
1558,ROE14b,G238-30,G_238-30,*,11.5,5740,3.5,'-2.84,<0.61
1561,ROE14b,G25-24,G_25-24,*,10.91,5670,3.55,'-1.86,'-0.17
1563,ROE14b,CS22180-014,G_272-44,*,,5780,3.55,'-2.37,'-0.01
1567,AOK14,G39-36,G_39-36,*,11.1,4575,5,'-1.98,'-0.25
1568,IVA03,G4-36,G_4-36,*,10.795,5975,4.05,'-2.14,0.3
1569,ROE14b,G4-36,G_4-36,*,10.795,5810,3.65,'-2.28,0.37
1571,ROE14b,G4-37,G_4-37,*,10.9,6110,3.75,'-2.33,0.09
1573,ROE14b,G75-56,G_75-56,*,11.296,6190,3.85,'-2.01,'-0.02
1575,ROE14b,G90-3,G_90-3,*,10,5680,3.6,'-2.09,'-0.4
1578,ROE14b,CS29514-007,GD_678,*,13.375,6400,3.85,'-2.61,0.67
1724,AOK02b,HD140283,HD_140283,*,8.21,5750,3.3,'-2.37,0.24
1732,HON04,HD140283,HD_140283,*,8.21,5630,3.5,'-2.34,0.22
1772,ROE14b,HD175606,HD_175606,*,,5920,3.7,'-2.09,'-0.06
1802,ROE14b,HD19445,HD_19445,*,7.27,5820,3.65,'-1.83,'-0.18
1907,ROE14b,HD338529,HD_338529,*,9,6060,3.75,'-2.2,'-0.1
1909,ROE14b,HD340279,HD_340279,*,10.5,5950,3.65,'-2.83,0.31
1953,ROE14b,HD64090,HD_64090,*,7.3,5150,4.05,'-1.65,'-0.35
2023,YON13,HE0228-4047,HE_0228-4047,*,,6515,3.8,'-3.49,<1.62
2024,YON13,HE0231-6025,HE_0231-6025,*,,6437,4.36,'-2.71,<1.24
2025,YON13,HE0253-1331,HE_0253-1331,*,,6474,4.34,'-2.76,<1.39
2027,YON13,HE0314-1739,HE_0314-1739,*,,6570,4.25,'-2.82,<1.45
2032,HAN15,HE0440-1049,HE_0440-1049,*,,5800,3.5,'-2.23,'-0.1
2033,HAN15,HE0450-4902,HE_0450-4902,*,,6300,4.5,'-2.54,1.5
2035,HAN15,HE0945-1435,HE_0945-1435,*,,6300,4.5,'-3.76,<1.89
2036,YON13,HE0945-1435,HE_0945-1435,*,,6344,3.71,'-3.88,<1.81
2037,YON13,HE1055+0104,HE_1055+0104,*,,6287,3.79,'-2.66,<0.99
2038,YON13,HE1116-0054,HE_1116-0054,*,,6454,3.8,'-3.42,<1.65
2040,YON13,HE1201-1512,HE_1201-1512,*,,5725,3.39,'-3.66,0.94
2041,YON13,HE1204-0744,HE_1204-0744,*,,6500,4.3,'-2.78,<1.61
2043,HAN15,HE1241-2907,HE_1241-2907,*,,6900,3.8,'-2.82,<1.82
2044,COH13,HE1245-0215,HE_1245-0215,*,,6500,3.8,'-2.55,1.48
2048,FRE08,HE1327-2326,HE_1327-2326,*,12.803,6180,3.7,'-4.06,2.53
2049,FRE08,"HE1327-2326 (3D)",HE_1327-2326,*,12.803,6200,4.04,'-4.06,1.84
2050,YON13,HE1402-0523,HE_1402-0523,*,,6418,3.82,'-2.89,<1.22
2052,YON13,HE2020-5228,HE_2020-5228,*,,6305,3.79,'-2.7,<1.43
2053,YON13,HE2032-5633,HE_2032-5633,*,,6457,3.78,'-3.34,<2.07
2054,YON13,HE2047-5612,HE_2047-5612,*,,6128,3.68,'-3.16,<1.39
2055,YON13,HE2135-1924,HE_2135-1924,*,,6449,4.37,'-3.37,<1.8
2056,YON13,HE2136-6030,HE_2136-6030,*,,6409,3.85,'-2.8,<1.63
2057,PLA13,HE2138-3336,HE_2138-3336,*,,5850,3.6,'-2.22,1.87
2059,YON13,HE2141-0726,HE_2141-0726,*,,6551,4.26,'-2.67,<1.5
2076,YON13,HE2246-2410,HE_2246-2410,*,,6431,4.36,'-2.83,<1.26
2091,LI15c,LAMOSTJ1253+0753,LAMOST_J125346.09+075343.1,*,,6030,3.65,'-3.78,1.35
2093,ROE14b,G180-58,LHS_3199,*,10.3,4980,4.4,'-2.3,0.08
2094,ROE14b,G115-49,LHS_6161,*,10.9,5420,3.8,'-1.95,'-0.64
2113,AOK02d,CS31062-012,LP_706-7,*,11.483,6250,4.5,'-2.12,1.76
2114,AOK08,LP706-7,LP_706-7,*,11.483,6200,4.3,'-2.18,1.75
2115,NOR97b,G270-51,LP_706-7,*,11.483,6000,3.8,'-2.31,1.96
2130,AOK13,SDSSJ091243.72+021623.7,SDSS_J0912+0216,*,,6150,4,'-2.32,1.69
2131,BEH10,SDSSJ091243.72+021623.7,SDSS_J0912+0216,*,,6500,4.5,'-2.34,2.08
2132,AOK13,SDSSJ103649.93+121219.8,SDSS_J1036+1212,*,,5850,4,'-3.2,1.57
2133,BEH10,SDSSJ103649.93+121219.8,SDSS_J1036+1212,*,,6000,4,'-3.25,1.59
2134,AOK13,SDSSJ134913.54-022942.8,SDSS_J1349-0229,*,,6200,4,'-2.51,2.28
2135,BEH10,SDSSJ134913.54-022942.8,SDSS_J1349-0229,*,,6200,4,'-2.48,2.37
2148,ROE14b,G206-34,Ross_711,*,11,5930,3.6,'-2.77,0.18
2163,BAR05,HE0938+0114,Ross_889,*,10.1,6777,4.89,'-2.31,0.42
2168,ROE14b,HE0938+0114,Ross_889,*,10.1,6030,3.65,'-2.73,<0.25
2172,ROE14b,CS29514-018,SB_467,*,,5990,3.7,'-2.57,0.01
2175,BON09,CS29499-060,SB_966,*,,6318,4,'-2.53,0.33
2176,ROE14b,CS29499-060,SB_966,*,,6280,3.8,'-2.51,0.26
2180,AOK13,SDSSJ000219.87+292851.8,SDSS_J000219.87+292851.8,*,,6150,4,'-2.9,2.27
2182,AOK14,SDSSJ001820.51-093939.2,SDSS_J001820.51-093939.2,*,,4600,5,'-3.09,'-0.44
2201,AOK13,SDSSJ025956.45+005713.3,SDSS_J025956.45+005713.3,*,15.05,4550,5,'-3.12,'-0.21
2202,AOK13,SDSSJ030839.27+050534.9,SDSS_J030839.27+050534.9,*,,5950,4,'-1.88,2.05
2206,AOK13,SDSSJ035111.27+102643.2,SDSS_J035111.26+102643.2,*,,5450,3.6,'-2.47,0.84
2210,AOK13,SDSSJ062947.45+830328.6,SDSS_J062947.45+830328.6,*,,5550,4,'-2.73,2.0
2255,AOK13,SDSSJ124502.68-073847.1,SDSS_J124502.68-073847.0,*,,6100,4,'-2.48,1.85
2269,SUS16,SDSSJ1343+4844,SDSS_J134338.67+484426.6,*,,5620,3.44,'-3.29,0.38
2302,CAF13,SDSSJ161956.33+170539.9,SDSS_J161956.33+170539.9,*,,6191,4,'-3.55,2.32
2304,AOK13,SDSSJ162603.61+145844.3,SDSS_J162603.61+145844.2,*,,6400,4,'-2.52,2.39
2311,AOK13,SDSSJ164610.19+282422.2,SDSS_J164610.19+282422.2,*,,6100,4,'-2.34,1.81
2314,AOK13,SDSSJ170339.60+283649.9,SDSS_J170339.59+283650.1,*,,5000,4.8,'-3.02,'-0.01
2344,AOK13,SDSSJ235718.91-005247.8,SDSS_J235718.91-005247.7,*,,5000,4.8,'-3.17,0.24
2345,AOK10,SDSSJ235718.91-005247.8,SDSS_J235718.91-005247.7,*,,5200,4.8,'-2.45,'-0.18
2499,ALL12,BS16077-077,TYC_1987-753-1,*,11.296,5900,3.19,'-1.52,1.86
2500,HON04,BS17583-100,TYC_2197-1168-1,*,11.584,5930,4,'-2.17,0.41
2503,BAR05,HE0926-0508,TYC_4889-826-1,*,11.617,6249,4.24,'-2.52,0.32
2506,BAR05,HE1120-0153,TYC_4923-62-1,*,11.036,6191,4.09,'-2.74,0.57
2536,HAN15,HE0448-4806,TYC_8080-239-1,*,,5900,3.6,'-1.82,1.8
2538,ROE14b,CS22943-095,TYC_8406-355-1,*,,6140,3.8,'-2.12,0.05
2546,BON09,CS29527-015,UCAC2_24258051,*,,6242,4,'-3.14,0.89
2550,BON09,CS22953-037,UCAC2_5736774,*,13.13,6364,4.25,'-2.55,0.15
2551,ROE14b,CS22953-037,UCAC2_5736774,*,13.13,6150,3.7,'-2.66,0.45
2554,CAF11a,SDSSJ102915.14+172927.9,UCAC3_215-112497,*,15.98,5811,4,'-4.7,<1.02
2562,COH13,HE0017-4346,UCAC4_233-000355,*,,6198,3.8,'-2.21,2.16
2567,COH13,HE2204-4034,UCAC4_249-182937,*,,6114,3.8,'-2.64,0.78
2573,COH13,HE0251-3216,UCAC4_290-002911,*,,5750,3.7,'-2.55,1.84
2578,COH13,HE1405-2512,UCAC4_323-073878,*,,5602,3.3,'-2.61,0.45
2586,COH13,HE0055-2314,UCAC4_336-001090,*,,6290,4.4,'-2.35,0.54
2599,COH13,HE0447-1858,UCAC4_356-006281,*,,5570,3.5,'-2.34,0.07
2601,COH13,HE1432-1819,UCAC4_358-070119,*,,5975,3.6,'-1.98,0.37
2603,COH13,HE1133-1641,UCAC4_366-058908,*,,6500,4.2,'-2.56,0.95
2612,COH13,HE1439-1420,UCAC4_378-069857,*,,6056,3.8,'-2.56,1.55
2625,COH13,HE0255-0859,UCAC4_407-003501,*,,5250,4.8,'-2.16,'-0.45
2633,COH13,HE1141-0610,UCAC4_418-054821,*,,6750,4.1,'-1.87,0.6
2635,COH13,HE0102-0633,UCAC4_419-001309,*,,6012,3.7,'-2.67,0.56
2642,YON13,HE1346-0427,UCAC4_427-057119,*,13.433,6255,3.69,'-3.32,<0.85
2648,COH13,HE1439-0218,UCAC4_438-059829,*,,6150,3.7,'-2.25,0.38
2649,COH13,HE1446-0140,UCAC4_441-059100,*,,6090,4.4,'-2.19,0.07
2651,COH13,HE1338-0052,UCAC4_445-056878,*,,5856,3.7,'-2.58,1.01
2654,COH06,HE1410-0004,UCAC4_449-055625,*,,5605,3.5,'-2.5,1.63
2655,COH13,HE1410-0004,UCAC4_449-055625,*,,5605,3.5,'-2.5,1.59
2659,COH06,HE0336+0113,UCAC4_457-004973,*,,5700,3.5,'-1.7,1.43
2660,COH13,HE0336+0113,UCAC4_457-004973,*,,5700,3.5,'-1.66,1.35
2663,COH08,HE1300+0157,UCAC4_459-050836,*,13.261,5632,3.37,'-3.13,1.13
2686,LAI08,BS16545-089,UCAC4_635-047506,*,13.812,6500,4.25,<-3.17,<1.44
2687,YON13,BS16545-089,UCAC4_635-047506,*,13.812,6486,3.82,'-3.19,<1.52
2689,LI15a,LAMOSTJ0257-0022,US_3404,*,,6330,4.2,'-2.15,0.67
2690,IVA03,CS22966-043,V*_BX_Scl,*,,7400,3.5,'-2.58,0.76
2713,ROE14b,G15-10,Wolf_1137,*,,5050,4.05,'-2.11,'-0.23
2714,ROE14b,G188-30,Wolf_1143,*,10.3,5090,4.3,'-1.77,'-0.59
2715,AOK06,G64-12,Wolf_1492,*,10.892,6390,4.38,'-2.8,0.05
2718,BAR05,G64-12,Wolf_1492,*,10.892,6141,4.25,'-2.91,0.14
2728,ROE14b,G64-12,Wolf_1492,*,10.892,6030,3.6,'-3.08,<0.6
2731,ROE14b,G199-66,Wolf_481,*,12.6,5560,3.45,'-1.83,'-0.28
2734,ROE14b,G16-25,Wolf_624,*,13,5250,4.1,'-1.95,'-0.49
