,MG_H,MG_FE,C_MG
1379,-0.4772539929667786,0.37167704757476927,-0.37457801052969886
4991,-0.42140566658884376,-0.10786456306804965,-0.016669469325578834
9333,-0.14257039291895374,-0.32386833375709323,0.03970010423185992
2686,-0.78815452161986,0.44032960824566025,-0.4371565856188482
10142,-0.15174024024464505,-0.37496845914881816,0.0843227713022322
8139,-0.1982755537816195,-0.30829308321936777,0.03865068535564975
3375,-0.41792014047615006,-0.02705422814093522,-0.06662150073749407
10153,-0.19437273637734184,-0.2151937951630286,-0.04002910418791303
6563,-0.3149366422583671,-0.18706322443613047,0.034788781402860736
6111,-0.08598906353564288,-0.2925995058567246,0.08512679604637835
9752,-0.20194654748995872,-0.2421513336985654,-0.00892765893943151
7318,-0.106183745585512,-0.2517395593372578,0.02063873668433369
10155,-0.19894775302480855,-0.23561934795112333,-0.05971599633783037
8524,-0.1230088513329077,-0.23980779187885998,-0.010552110923831598
4696,-0.7455584092525899,0.3597040458341626,-0.3633699919605541
8929,-0.1413152878335536,-0.29340040180826155,0.01528822568698937
9004,-0.38194915899746734,-0.20557470822804297,-0.008572739088491321
6936,-0.2365489675531071,-0.27646548370462215,0.06172827572980416
6943,-0.24789726540384618,-0.3020552608419979,0.06454659586172423
1373,-0.4570312300054532,0.36764488096685866,-0.36706930533817916
10579,-0.2747509384648494,-0.20813501800400966,-0.04399440601686366
6122,-0.18053844005159328,-0.25984872084414956,0.06971973915385864
6545,-0.269413933326177,-0.25272022087837676,0.04955939555469158
6913,-0.0784670395827272,-0.20837565729695318,-0.004626216613590417
883,-0.3903986885015636,0.45010383442413543,-0.3978067685552072
9365,-0.25226355832231495,-0.2126362391318359,-0.01846042839311468
3702,-0.15258374988972245,-0.2222908451226292,0.08192018212788864
5310,-0.12107686805961415,-0.253419970348785,0.07559941122667849
4574,-0.3998865414691039,0.04153808536641351,-0.11519658485363243
10145,-0.1686527381404899,-0.20976743484925178,-0.061638320124944884
9731,-0.13646813473649771,-0.19908276378756495,-0.06858857799580545
9332,-0.14257039291895374,-0.32386833375709323,0.03970010423185992
9738,-0.15432985788047232,-0.317189843211873,0.012562367449359207
6136,-0.26355710895743667,-0.3125375994609086,0.10469988723367155
10572,-0.24891910169284542,-0.277862477948621,-0.012602672727728859
1353,-0.4002865536765521,0.3513538558079694,-0.34156662762696377
4886,0.0058822571301359525,-0.03916038250441534,-0.021510199297464443
6946,-0.25531019621097834,-0.32494732137255095,0.08981387748531172
7352,-0.2628533878966195,-0.2699001574750817,0.06421436059231256
9762,-0.2336070448125559,-0.26533702004841986,0.0016384181052269686
5292,-0.008712181033285601,-0.09587622090018365,-0.012270426493814922
10171,-0.25132645617083005,-0.25780112219859364,-0.010593711172066589
5819,-0.4827782558034012,0.045745476729947165,-0.13823429175219143
9312,-0.02217474621371791,-0.2635186802473234,-0.0191886986605834
6154,-0.30800804632303497,-0.20547274222945738,0.018337004365664433
4121,-0.2612374534386537,-0.3769121970944851,0.19171657249206248
6116,-0.1279662446412179,-0.32492477003133124,0.09967264333057255
5712,-0.11774601262257489,-0.24629580145558874,0.054460132159944094
3047,-0.6120606831068508,0.29069680875603443,-0.31811637977798857
9757,-0.21920938663139256,-0.20009529121754946,-0.032855363041163765
8498,0.04974958323747342,-0.19673353829593143,0.00016732881769219304
6476,0.1402668490872076,-0.22726964726257054,0.04967810973420966
4899,-0.0681306012892115,-0.05941060832179201,-0.0189494264055967
9366,-0.25107760721928213,-0.2716649858906934,0.009577336041523443
5276,0.09606027320425185,-0.20983957611300103,0.055937943541100724
9389,-0.32470583373851764,-0.22872107680789744,0.025875956499568142
3370,-0.41081755364520867,-0.0477668909742609,-0.045387262494387515
5760,-0.3348800548285988,-0.16315531663518312,0.016877811233236673
4992,-0.4263535924992424,-0.09553304693177556,-0.02543537482203867
8584,-0.33344160402968187,-0.09937040224931043,-0.06754980476860645
4880,0.062490469437599075,-0.25265549102154927,0.08469126500833997
10544,-0.16036672293950302,-0.20604320497461648,-0.05590134533774882
3693,-0.09485983825645751,0.010258925681950262,-0.04064869014516449
6574,-0.34356671488778545,-0.20779517435420225,0.040430814127908055
7054,-0.5746713174853539,0.07831789504521369,-0.17334337964557622
9775,-0.2726296803183349,-0.24543221055928996,-0.015979933181181738
4937,-0.3075060548942916,-0.37650805914538377,0.1828297785648224
10570,-0.24488813391587988,-0.2420038170143581,-0.02085699169980182
6539,-0.26063944143749374,-0.2310558793780609,0.04425569228158027
4140,-0.350505148178618,-0.24309755315002934,0.0669463874756826
3696,-0.11182728345280007,-0.1948646600814965,0.08291788996956963
4698,-0.7527484117252937,0.3603117167295632,-0.3652302094816319
4693,-0.7308840096746607,0.29861162502654914,-0.3357192220983729
2307,-0.9173983959807014,0.450103741595529,-0.47403523227951283
5705,-0.05804028174050423,-0.27243453497476267,0.08437562874890614
8209,-0.409681467179722,-0.1586326261096176,-0.011413760183066834
7050,-0.5603148782875872,0.03480514961339687,-0.1416557512972646
3732,-0.3641889473653882,-0.21177796110538988,0.06681879641091121
6196,-0.40657295116304637,-0.23599870333704948,0.08693458815478011
9764,-0.24019656673882622,-0.26766185716553975,0.012344162673736447
10160,-0.22465629634234457,-0.16579277024245537,-0.06878538906365295
4990,-0.42140566658884376,-0.10786456306804965,-0.016669469325578834
10177,-0.27344675670886637,-0.22286588934782872,-0.02855043635576915
10178,-0.28160836639820264,-0.22261181209222342,-0.016134566251440274
6163,-0.3260715137607221,-0.20705694704928723,0.038765435738528586
8542,-0.19375525681113973,-0.35282416508940295,0.0781684908266225
9313,-0.02217474621371791,-0.2635186802473234,-0.0191886986605834
8533,-0.1622423071282253,-0.3626507639478344,0.08365210890535561
10169,-0.2491510848837159,-0.20438785380525987,-0.07578901268739674
5395,-0.42186471547258053,-0.1336098373022962,0.003643471970160239
3687,-0.057415901956165076,-0.005484486353927405,-0.04648872689915647
5745,-0.29358483217409115,-0.34992614684157863,0.12605856257129933
6124,-0.18364233497133262,-0.37506345174711025,0.15348018966681756
4529,-0.3159507039461034,-0.21739086124501733,0.08525259904403754
4485,0.005120563147565461,-0.10398320562825111,0.013903617940378157
3689,-0.06811541305099734,-0.035576312681717445,-0.030254283049772818
9356,-0.22772985393008224,-0.19975463390967851,-0.02481817757812091
7349,-0.2503565073270853,-0.2933121628090762,0.0595925631265678
8563,-0.2639107916747694,-0.19574458383415844,-0.01061190775199633
8518,-0.08083675122413606,-0.22346942903905356,-0.04261835202172756
7761,-0.2752573671971826,-0.21979589110674766,0.010453191125252947
6245,-0.5543468152249797,0.18528112449707268,-0.20967678715964122
4546,-0.3414941169823533,-0.3089862210643704,0.13431656298019834
6557,-0.29434378756370866,-0.2964083362592849,0.09264204239430118
6870,0.18293315116126008,-0.19748592983508578,0.023820023952064645
6135,-0.2648257375671067,-0.2575823013110192,0.05926977005420378
8143,-0.20454002396441168,-0.3597938891989262,0.09602574420910374
3046,-0.6120606831068508,0.29069680875603443,-0.31811637977798857
9321,-0.07824515138655226,-0.24204238955461804,-0.03028921076606822
4174,-0.40671509510776177,0.015386895486441787,-0.08889785442487158
1356,-0.41000804635104066,0.35522361925186957,-0.34678221907485457
6120,-0.1636103674272618,-0.275436138540125,0.07534607852650238
8504,0.011331585601014412,-0.18484031345486843,-0.03627830905101861
8166,-0.28093844859178047,-0.2363345506251442,0.0032725330737543024
888,-0.3979286199800556,0.4501036945142811,-0.4008720966379563
3317,-0.29118746470064966,-0.3324616897548799,0.15659987600002395
4299,-0.7619057986866733,0.3696687625702846,-0.386618966868403
7724,-0.14430435580480125,-0.23024867884540512,0.0033904719113271586
4890,-0.003815650738527039,-0.21332089780571253,0.07261339053665629
8203,-0.38606175776306334,-0.2705820863749069,0.07598584914139844
9761,-0.23609629205156238,-0.09891321835368064,-0.1080424037776275
5688,0.026693800012074633,-0.07062997590598472,-0.02694672136460412
1363,-0.4262755801066351,0.3602764719017815,-0.354453445437726
7385,-0.35449700277854146,-0.15407534177151333,9.826222176589905e-05
10151,-0.18462128273918088,-0.2515845204207589,-0.03251696451337563
6189,-0.3913911293858503,-0.11816589805565808,-0.00031079539385364674
7336,-0.22039795939759022,-0.29454963510080484,0.0654307977673445
4965,-0.36625865112695183,-0.13092472457798798,-0.013481570341689453
4514,-0.19728905238616343,-0.18246722356317602,0.059073227429816355
6542,-0.26239983082155544,-0.3170375257537574,0.09909237289153427
4502,-0.09840290076437998,-0.2757984493817365,0.11188158834971423
9748,-0.18341294147228715,-0.30446558750452535,0.000584317364792919
6118,-0.1444150894734514,-0.28634661832987807,0.0789255234503023
8132,-0.17636368964343116,-0.35018057251280466,0.06242760618764341
3037,-0.578742478035662,0.28953568309806244,-0.3058865178525041
6990,-0.3769190439874519,-0.1732323047214086,0.036555696729695775
7376,-0.3305688396038541,-0.203774050493213,0.02968419785051335
8552,-0.22510714191654566,-0.3128236428452856,0.0531697815685733
7316,-0.09418638829914623,-0.22198255265075634,-0.015166944966054224
10174,-0.25755353504193723,-0.33079859562410957,0.04155365516967838
4917,-0.1832183995373492,-0.26867990333561154,0.1118314228502522
5359,-0.3412335083258395,-0.1438674034371687,-0.0030913831731246844
9309,0.005387532996412525,-0.20899130787171838,-0.06927887276241258
7390,-0.36899497614220367,-0.1742158770109533,0.032633225372934505
1370,-0.4505538500133909,0.36623768253837896,-0.36455859244621214
7322,-0.13195649839594129,-0.3302650638940251,0.07332304658780038
4508,-0.1458498726073152,-0.24650702055099966,0.08169516527972169
2685,-0.7792030449058911,0.4405120262816069,-0.435108875378978
8574,-0.29570965850282377,-0.250415019031436,0.016946525049547634
10176,-0.27344675670886637,-0.22286588934782872,-0.02855043635576915
5289,0.015224152797220695,-0.0987595971173754,-0.013681470098341959
6505,-0.035729817838055324,-0.2254015909936264,0.046714648287327784
8168,-0.2898562911289968,-0.2185335305499379,0.01090255576870991
9772,-0.26434974189749183,-0.2766365181091754,-0.01623083160055283
10549,-0.16642708844608967,-0.27632491561025274,-0.0438530094275667
5711,-0.09847642749348282,-0.31334675610470236,0.1026990370642998
3374,-0.41792014047615006,-0.02705422814093522,-0.06662150073749407
5773,-0.36224810887570863,-0.13155145453428063,-0.027734299403145146
6251,-0.5714387588182573,0.11217490224075943,-0.18860783246787305
6578,-0.3505156991002099,-0.2521079044713484,0.06553375630003727
3056,-0.6462666474686205,0.3247827323256913,-0.34707662083585344
5334,-0.28912921281402953,-0.4020873584233732,0.19488485769943031
8988,-0.3330417432538743,-0.19444165356587045,0.006770425466299412
7754,-0.2603517365772643,-0.19082017587244762,-0.028620347357919407
6128,-0.22500005875921583,-0.2918605580569912,0.08206308225566275
10157,-0.2065969842057584,-0.24842588709479296,-0.01597957280696166
6140,-0.2714302739614923,-0.362538039401471,0.14209500694697083
10562,-0.21753526916179675,-0.276925771958127,0.019118894971722172
4509,-0.1458498726073152,-0.24650702055099966,0.08169516527972169
5764,-0.33888211784124933,-0.2235035852166509,0.03151248539028112
8540,-0.19225498550680029,-0.2908874443885927,0.013061267496987744
4106,-0.1651919483583212,-0.04516160338859862,-0.0429521403122525
3059,-0.6533806835914663,0.34886661903104776,-0.35883095456239456
4934,-0.31594190313675385,-0.25924964245755394,0.09096147126570023
6110,-0.08598906353564288,-0.2925995058567246,0.08512679604637835
10543,-0.14622363654111692,-0.33534884346664534,0.04493185607558024
1359,-0.4151956846857608,0.3570006885966472,-0.3493640372527393
8944,-0.19529262944350312,-0.2543791162352684,-0.015461075803338886
5415,-0.4778232985454507,0.058268557140993105,-0.14677932457738352
5377,-0.3855547026721273,0.02396808844902748,-0.11087347805049608
10563,-0.21753526916179675,-0.276925771958127,0.019118894971722172
4308,-0.7993985308779552,0.45010371843404173,-0.4250749425164797
6958,-0.2883313757387332,-0.28307843842316377,0.08241189925830109
3785,-0.4311169166526527,-0.0348633379400452,-0.06515863057580129
8119,-0.09169123928414442,-0.21839814157832688,-0.020434095030985894
8562,-0.2639107916747694,-0.19574458383415844,-0.01061190775199633
2705,-0.8650228431791216,0.45010369451428134,-0.45667217352504186
4884,0.03030851722438522,-0.17009824183255434,0.030326590729538812
7825,-0.4665815016531933,-0.13762346419377025,-0.034661494581042895
6929,-0.191171788055075,-0.33391765955685615,0.09609628561698151
1368,-0.44423521656620996,0.36477849897229403,-0.36203121270713107
6177,-0.35825780577855737,-0.20913090829051062,0.034160752804219596
8580,-0.3199947855239867,-0.15038683268705735,-0.04169578741743968
8187,-0.3425160641748856,-0.160305202760821,-0.010222006767842129
6957,-0.2857772528479137,-0.24807352259504684,0.04708157611049352
7732,-0.19560640449503933,-0.27888785971905705,0.0035279383169851686
6217,-0.471632422655634,0.06423829483050714,-0.15259007771245703
6147,-0.2797325341493584,-0.3832785126212481,0.16026515822199855
10156,-0.2065969842057584,-0.24842588709479296,-0.01597957280696166
10578,-0.2747509384648494,-0.20813501800400966,-0.04399440601686366
6552,-0.2882339054210261,-0.2427445397790694,0.04767926522854868
7314,-0.08598628703861763,-0.19944172284645445,-0.022829799071349063
8165,-0.2763022659429817,-0.2634015151323487,0.04764337871575605
5350,-0.3279522235447797,-0.1947268312791407,0.022118147338110627
6541,-0.256357043257862,-0.3277171957592745,0.11428541662814976
4571,-0.3893543523425953,-0.0901085659101939,-0.04310262868969528
3049,-0.6189922702157098,0.29509185801834714,-0.316361474988086
10170,-0.25132645617083005,-0.25780112219859364,-0.010593711172066589
8500,0.02912945888492577,-0.10967072488199947,-0.08086220248967058
7323,-0.13195649839594129,-0.3302650638940251,0.07332304658780038
6191,-0.39338603406134,-0.19858273587071476,0.05979096848355425
8635,-0.4870817804199137,-0.16503028283373766,-0.01398774617477705
6512,-0.08849839354749768,-0.24566174225570842,0.023562026890751583
689,-1.409497216359643,0.450103645781019,-0.689547179986119
7355,-0.2725419278684711,-0.18539769981105114,-0.008880036228604504
3044,-0.6052682807213263,0.3017563410292249,-0.3266190010717107
9360,-0.24173607481256737,-0.13478910697108998,-0.06907098973497267
6145,-0.2839030735348216,-0.24923533471209822,0.05613462445666814
5351,-0.3279522235447797,-0.1947268312791407,0.022118147338110627
9763,-0.2336070448125559,-0.26533702004841986,0.0016384181052269686
4943,-0.31643691133296226,-0.352738613487549,0.15087970800014594
8594,-0.361272733494029,-0.12720262823945983,-0.010095926643662823
4567,-0.37585318462968886,-0.2516604343674506,0.06238531311771617
6098,-0.009802305938969101,-0.21143672299197816,0.03698392776527169
7002,-0.4113056666961524,-0.17780042342199484,0.028024147691254497
5780,-0.3803328611940612,-0.14453078048338897,-0.0017927236623891396
6515,-0.10073514255794104,-0.29006721569554067,0.07638305139416005
8564,-0.2654445154494955,-0.29272805018023274,0.05968348353526515
9741,-0.16340204079058018,-0.2557633033659927,-0.02766894572285178
6965,-0.3102545940213357,-0.19119831339725918,0.016235297350604916
8157,-0.25191584079977275,-0.28456707992440555,0.06477285441254257
4173,-0.4016273806947256,-0.06697715472371474,-0.04403814836923903
10547,-0.15730851543475538,-0.3118506699851279,0.010187387138484688
6133,-0.2635955569524725,-0.2499103006563339,0.06158215864894323
9361,-0.24173607481256737,-0.13478910697108998,-0.06907098973497267
9730,-0.13646813473649771,-0.19908276378756495,-0.06858857799580545
7292,0.059065015017513725,-0.1925407639216145,-0.0018050152395163582
1371,-0.4505538500133909,0.36623768253837896,-0.36455859244621214
7760,-0.2752573671971826,-0.21979589110674766,0.010453191125252947
7758,-0.2735693296975307,-0.1869625610354852,-0.003568173187376289
4970,-0.3797077520801592,-0.07746752107397409,-0.035083535852493075
7362,-0.29026553974612046,-0.25218380000844953,0.04951104619046934
8957,-0.23254001883674136,-0.2576006230076677,0.03237510424666201
9325,-0.10802562949796157,-0.1963680638269018,-0.05929716340923061
6250,-0.5714387588182573,0.11217490224075943,-0.18860783246787305
4309,-0.7993985308779552,0.45010371843404173,-0.4250749425164797
5301,-0.057271468579169586,-0.18000587838144272,0.024407577226735713
3313,-0.2632713631498848,-0.18067793887040623,0.053292790055958855
885,-0.4007004971784043,0.4501035512460261,-0.3996620279973768
8958,-0.23386923530771658,-0.28664994337009164,0.0319390444981717
5787,-0.3957796130426953,-0.08788325902211686,-0.0237059622641137
2289,-0.8375864787518219,0.4501036814551356,-0.4593258917178429
5418,-0.4894488970403641,0.09104105271747454,-0.15612692659962457
7359,-0.2762298314025907,-0.3057570602061757,0.0878999622461035
8284,-0.6624363753556002,0.07981307322914488,-0.18346836091428387
7755,-0.2603517365772643,-0.19082017587244762,-0.028620347357919407
3770,-0.40580725914241617,-0.04963782773361214,-0.04836857053716542
2300,-0.8911346890682788,0.4501036945142811,-0.4693775554510897
10561,-0.2080097996057536,-0.2756509051027213,-0.007152075778527667
4573,-0.39380190986372937,-0.046007009640802454,-0.05275776690819972
9777,-0.27970969044758837,-0.23679998408219502,-0.015414852533116918
5717,-0.15785638152297454,-0.14932355048424684,0.005084906655873134
4489,-0.01840867491610087,-0.11422544962749132,0.010796484199871836
9331,-0.14412836219963154,-0.24801716822729863,-0.01987894372481036
7702,0.011529780462139556,-0.23653762704163322,9.405700905267163e-05
6081,0.09925711016039615,-0.17941851987192972,0.01991976505836532
4479,0.05042038774525391,-0.21709550978358055,0.07389631963989872
10556,-0.19953167333863298,-0.22639007696277713,-0.044182035354305565
10552,-0.1844027482875761,-0.23285117662874022,-0.05542531641341766
6130,-0.24236537549307915,-0.3016539758634572,0.10083171074752809
10146,-0.17124154653635332,-0.2693425179252754,-0.018534766387528517
6540,-0.256357043257862,-0.3277171957592745,0.11428541662814976
10560,-0.2080097996057536,-0.2756509051027213,-0.007152075778527667
5360,-0.3426514137942017,-0.2255064875255391,0.059305428370097224
3322,-0.3415804655887615,-0.36558760550699904,0.17588448888893948
9395,-0.34512116724362873,-0.19105385647398768,-0.004594776289465752
3052,-0.6326300671778063,0.32322991504500687,-0.34282547911798333
2903,-0.2176341358501612,-0.21491618979346414,0.06294926883664825
9393,-0.34151911963916776,-0.15134531603965165,-0.03129952005352232
3302,-0.17908615951207577,-0.28145337858998964,0.11485657119542814
5339,-0.3041301436767945,-0.26478304207794356,0.10375802459304856
5753,-0.3151610701180021,-0.20811848368290287,0.027136567281944912
3758,-0.38957121111005466,-0.04130520827281464,-0.05763553755572176
5027,-0.5170090472651466,0.1077589062475196,-0.16955461366164493
10162,-0.2287655689221457,-0.2217370592882127,-0.0306141856499956
5716,-0.15785638152297454,-0.14932355048424684,0.005084906655873134
5425,-0.5060822513770711,0.1088611504583642,-0.16688550228022536
8181,-0.32731597210757024,-0.1665920725450195,-0.02173433985693496
7052,-0.568964808662553,0.11511575481968983,-0.19723647080360884
8194,-0.3684654135867029,-0.13691260193624005,-0.01421285723959903
9363,-0.24128841750305627,-0.24217999369812004,-0.015707677490901212
9769,-0.25752317384348417,-0.1977364796103076,-0.06274759043838224
5390,-0.40941730115841174,-0.21211578781849202,0.052027673976470956
9719,-0.05665900547984212,-0.21830530349845673,-0.06693109783412726
6119,-0.1444150894734514,-0.28634661832987807,0.0789255234503023
9767,-0.24168335412460878,-0.29068098737425524,0.018215253122483704
9747,-0.17713474247693312,-0.3093693553981053,0.012740413269724249
1381,-0.4842597410877243,0.37309643008802396,-0.37711152733139053
8161,-0.27062731456431,-0.11929418152147617,-0.07382324314279232
7714,-0.07674275348182712,-0.1941872286885547,-0.030331325338326595
7731,-0.188952458313163,-0.27510223813550283,0.045952563673203634
10559,-0.20288966694956573,-0.29178224325555335,0.0112645983885436
6619,-0.46925192325744375,-0.03277347984017026,-0.10189220903378032
8949,-0.20519824894266891,-0.29014954259103776,0.031638197654664385
1378,-0.4772539929667786,0.37167704757476927,-0.37457801052969886
10172,-0.25375267687693187,-0.3134047274434318,0.021305348181620526
6985,-0.3602781354827141,-0.1996065834999936,0.026647365011949142
4164,-0.39109525158679537,0.02927480333767596,-0.09439532151774144
4528,-0.3159507039461034,-0.21739086124501733,0.08525259904403754
1361,-0.42062499538149245,0.358671068030905,-0.3519165553158645
4692,-0.7308840096746607,0.29861162502654914,-0.3357192220983729
5373,-0.3774912537532561,0.030744617763237114,-0.12024137378858168
5772,-0.36224810887570863,-0.13155145453428063,-0.027734299403145146
8171,-0.29066865039041434,-0.28389291985072507,0.04947697738050613
1374,-0.46364311605619823,0.3690015332019988,-0.36956965878501336
5399,-0.4256940696741398,-0.293475996892243,0.09664869801260578
9368,-0.2632830566568442,-0.23783687477622661,-0.02938245290076069
7743,-0.2128869652489675,-0.4132610410808666,0.15719352506185402
8977,-0.29491522332409326,-0.2245713322255829,-0.01776671857583889
2294,-0.8646452465380459,0.4501037084129609,-0.4645249804935381
2092,-0.24786972149090972,0.32989951548004603,-0.24866432431703153
8137,-0.19777352287156713,-0.23987934646527515,-0.020030886936260428
889,-0.3979286199800556,0.4501036945142811,-0.4008720966379563
3048,-0.6189922702157098,0.29509185801834714,-0.316361474988086
8547,-0.20281250933321496,-0.3705077949522616,0.1046562538223338
3064,-0.6752823600336056,0.3745691035225921,-0.37541903417907985
6129,-0.22500005875921583,-0.2918605580569912,0.08206308225566275
7789,-0.355545054983386,-0.17787656738261368,0.006251728846179305
9357,-0.22772985393008224,-0.19975463390967851,-0.02481817757812091
7299,0.023237706065779896,-0.1913016021070025,0.009712272428846504
8978,-0.3077058566204677,-0.10073510743481273,-0.08711866333631246
8164,-0.2763022659429817,-0.2634015151323487,0.04764337871575605
4920,-0.2181436121123462,-0.29119665143220325,0.11766271273336043
7400,-0.3976172549807338,-0.17285554998403357,0.011633885989127901
5306,-0.0883411989102156,-0.2952174668232509,0.1054596405473888
3371,-0.41081755364520867,-0.0477668909742609,-0.045387262494387515
7321,-0.12349944874623404,-0.2797367115076556,0.042176274163139946
6547,-0.2692939388807413,-0.3388694007417267,0.11735878988458057
10173,-0.25375267687693187,-0.3134047274434318,0.021305348181620526
8571,-0.2851165416312404,-0.23303788414658516,-0.0004169462414174707
7681,0.1452032540392188,-0.19772825394035126,-0.001440957543058452
7055,-0.5746713174853539,0.07831789504521369,-0.17334337964557622
8553,-0.22510714191654566,-0.3128236428452856,0.0531697815685733
7315,-0.08598628703861763,-0.19944172284645445,-0.022829799071349063
8951,-0.21526752516729736,-0.24869221582654316,-0.0077538062271775565
10567,-0.23448853416957746,-0.21517562036710353,-0.031020484581078894
2297,-0.8734900383351494,0.4501037086989217,-0.4661619046741807
3039,-0.5849554046101146,0.29106615499765354,-0.3128500692832097
3034,-0.5725215516273685,0.2705524175216144,-0.2920431070085887
9739,-0.15432985788047232,-0.317189843211873,0.012562367449359207
7749,-0.23587862636299944,-0.3109630673140582,0.056711318841208724
8262,-0.5902760917657629,0.184346297434672,-0.24512432994077393
9016,-0.42613620583466005,-0.1093403713253967,-0.05127430066267169
8920,-0.08788306250838882,-0.21110167143259478,-0.05488873333028807
9397,-0.35621337925906305,-0.10298982190925682,-0.04286533760283184
6972,-0.3298824931464455,-0.18371214367787622,0.015115498983333753
3735,-0.36093356849474745,-0.2505101611370867,0.09605049335822347
7733,-0.19560640449503933,-0.27888785971905705,0.0035279383169851686
9724,-0.10181862119989427,-0.18895098405254734,-0.0613671691742165
6613,-0.45419219303356073,0.04269689046291403,-0.14296704732713506
9377,-0.2872677591886259,-0.2276039069877357,-0.02151996582248039
4706,-0.7822243693460206,0.4501037404989089,-0.4187702493564408
6230,-0.5108627353698193,0.031422206181276446,-0.13022351803628618
8953,-0.2162807792573276,-0.3117469411313217,0.06321306805948271
6945,-0.25578431739402485,-0.28545432108807545,0.06755153940808667
9774,-0.2726296803183349,-0.24543221055928996,-0.015979933181181738
1364,-0.4320987990523588,0.3618201753666317,-0.3569821585131602
10150,-0.18462128273918088,-0.2515845204207589,-0.03251696451337563
4523,-0.2579320604204565,-0.29540457674490395,0.11525510000686698
5341,-0.3044558730639169,-0.30605006988620487,0.11595078742926196
5001,-0.4429332216128013,-0.1744455908223677,-0.0025769510756324387
6492,0.02910375609625327,-0.08157885264673351,-0.045318126188735694
4709,-0.7895002415118872,0.4501036945142811,-0.42038373774421145
3722,-0.3137269507211578,-0.3068527256620202,0.14553275939554877
8648,-0.5321953342616021,-0.10098082055714619,-0.04476918461440227
9420,-0.4331576226576383,-0.13815256683969002,-0.02175551528251357
10148,-0.1734277729099966,-0.29696491304645245,-0.029758670972844986
5312,-0.13329728312657926,-0.2894224649500884,0.09993768070966472
8126,-0.15050251978633633,-0.20290443044050083,-0.028093879961308965
3032,-0.5662279288622234,0.2271323402883706,-0.27103924148130276
6115,-0.11855059678128323,-0.22570322483066163,0.03303516640142497
10179,-0.28160836639820264,-0.22261181209222342,-0.016134566251440274
10566,-0.23448853416957746,-0.21517562036710353,-0.031020484581078894
4519,-0.2294801290119294,-0.17905885254998297,0.041980511430184025
8956,-0.23254001883674136,-0.2576006230076677,0.03237510424666201
7737,-0.21062751689158238,-0.2545670688986022,0.0194499430884279
8149,-0.2283256822652759,-0.2617986874202492,0.008496178374676838
8184,-0.3405765158746124,-0.10937844387539225,-0.04251943242284367
8912,-0.03536362567835692,-0.2003181367737205,-0.056699908777244984
6605,-0.42588370391469293,-0.13574196515168646,-0.004333958048572617
4500,-0.09347848123123102,-0.17951560324165147,0.04243012635961741
4705,-0.7749629155155348,0.4501037058198186,-0.417148199817868
1358,-0.4151956846857608,0.3570006885966472,-0.3493640372527393
5734,-0.2805707742292062,-0.29192316846321076,0.10887394544208309
10557,-0.19953167333863298,-0.22639007696277713,-0.044182035354305565
8943,-0.18533187292936526,-0.332763958417192,0.061503460575156516
3369,-0.408505944299012,-0.031009288039197946,-0.06076139769250927
3045,-0.6052682807213263,0.3017563410292249,-0.3266190010717107
2631,-0.5711340462417157,0.11711931868709258,-0.2319436581292471
9773,-0.26434974189749183,-0.2766365181091754,-0.01623083160055283
8204,-0.39899171186264065,-0.1306998227693179,-0.043375092025640605
1355,-0.405034618204438,0.3533316557199393,-0.3441787287356487
4973,-0.3858110172940113,-0.009165301601666953,-0.08464776096911086
4690,-0.7237648266063761,0.2974387640171252,-0.333668680318139
7710,-0.04571413076649946,-0.23528887388424718,0.0035885444817050083
10551,-0.17285528526635952,-0.2891906282417276,-0.022377688689963232
1369,-0.44423521656620996,0.36477849897229403,-0.36203121270713107
6227,-0.4979435933629734,-0.010625301235785756,-0.10386406521992991
5680,0.08462433024962197,-0.18087342079409124,0.035376102079272304
9779,-0.2923451230027148,-0.1348638025984366,-0.06520628615265106
9328,-0.13356847784589346,-0.25664130046539735,-0.03092501274619211
4944,-0.32513918030082184,-0.2868324624619312,0.10466841538966987
6567,-0.3243684085548893,-0.1924067051910897,0.02695628544371742
3060,-0.6606180613794138,0.3657883797315856,-0.36838417958433733
4904,-0.09900710324971222,-0.19599279136931624,0.04523302751161936
8156,-0.25191584079977275,-0.28456707992440555,0.06477285441254257
9399,-0.35810365028186125,-0.186996400809147,0.006542639270669726
9334,-0.1526031701142887,-0.28816254408540753,0.01419427764531106
6920,-0.13762704003940449,-0.22731121191646034,0.006732909535903969
9378,-0.29699227032780784,-0.19376194439081385,-0.024125315001456427
7345,-0.23847141424532603,-0.30920468375930144,0.07850862754750959
6979,-0.3435446084953524,-0.21810274161697105,0.039093062422782654
7766,-0.29113996378571244,-0.24778370692967186,0.029497869518987363
5297,-0.019648225931625952,-0.27158283445055037,0.10488557483067978
8968,-0.2716666545112976,-0.23264452629502486,-0.02186220241521103
1362,-0.4262755801066351,0.3602764719017815,-0.354453445437726
4535,-0.3329730925506406,-0.2572952608711053,0.08222452157948079
4170,-0.4004350544383094,0.019812004023242236,-0.08525389870345201
10545,-0.16036672293950302,-0.20604320497461648,-0.05590134533774882
9716,-0.0486061776072083,-0.16658902094581876,-0.09703090445337724
5845,-0.5588310330267388,0.1564967777899534,-0.19872714153670334
1445,-0.7585206560652926,0.3983482043670361,-0.45257939323345475
4932,-0.31407560870867013,-0.29917783283793703,0.11242041656367907
1365,-0.4320987990523588,0.3618201753666317,-0.3569821585131602
4969,-0.3706499335063328,-0.2086259476981111,0.055274335205118263
8934,-0.16728613651765303,-0.25349223428888135,-0.0023443381230680016
9385,-0.31879577793604535,-0.10995380406888122,-0.08529372559026582
7369,-0.305742664295252,-0.23821800215828992,0.038571386748563696
8918,-0.0702868505837215,-0.24729107552210466,-0.02612382691572966
5821,-0.48775468314693904,0.034938488589554395,-0.1340818583658201
8926,-0.13635431603521467,-0.17734955777015968,-0.0580532558970053
4285,-0.7107888910092532,0.3230497228920779,-0.3560149668772927
8572,-0.2890637660018218,-0.24862944312758586,-0.0010930170673817963
4297,-0.7545382398388965,0.3689655907705993,-0.38476955843983096
8990,-0.3418998378570051,-0.16682575674555936,-0.01288361437080815
9390,-0.3333769799055993,-0.19019023839698587,0.004961619309366061
6511,-0.07281590105708541,-0.29054706871889935,0.0693418570263537
2707,-0.8734282544366606,0.45010372287952716,-0.45827982508400844
8150,-0.23117335444276377,-0.2890375192470097,0.034113393163075906
5342,-0.30222168714415654,-0.32843432314522136,0.12506076586335071
10175,-0.25755353504193723,-0.33079859562410957,0.04155365516967838
10158,-0.21713877554467226,-0.1982096929968625,-0.05093868296627457
4569,-0.3820825515749812,-0.1811181274764366,0.024953911757622182
3035,-0.5725215516273685,0.2705524175216144,-0.2920431070085887
7347,-0.24115160404181546,-0.35923603859369635,0.12004080342880084
4284,-0.7107888910092532,0.3230497228920779,-0.3560149668772927
4542,-0.3369649632780889,-0.2946320065848777,0.11731706445890419
9341,-0.1744661924419064,-0.2721331704209054,-0.004661363373374944
4283,-0.7037564398144266,0.322052939960603,-0.3539579838846859
9012,-0.41223900936050845,-0.11573487006705913,-0.053758506902553405
9759,-0.22312731894490795,-0.22258697646932626,-0.0215463667444242
5776,-0.3709530703309212,-0.13418529122739342,-0.02234068493680591
6229,-0.5036704335421263,-0.04160710057737832,-0.09876313806192394
10571,-0.24488813391587988,-0.2420038170143581,-0.02085699169980182
6642,-0.5412940213374777,0.08899936072047177,-0.192283920614443
5726,-0.226875916429206,-0.31455032622880963,0.1132148557823981
8921,-0.08788306250838882,-0.21110167143259478,-0.05488873333028807
8508,-0.018134921559401475,-0.17800346760446265,-0.04173601667700758
4290,-0.7325878386674389,0.3667068081254874,-0.3791398325721105
7826,-0.4729916918309026,-0.10049036683289514,-0.05412492006415359
8169,-0.2898562911289968,-0.2185335305499379,0.01090255576870991
2699,-0.8397086997734412,0.4501036551449328,-0.4517206145675553
2302,-0.8999231934751046,0.4501036643646874,-0.4709537040259484
8590,-0.349942576822928,-0.1232467714998004,-0.03129010384239833
2306,-0.9173983959807014,0.450103741595529,-0.47403523227951283
8646,-0.5265617781881136,-0.0896537798964957,-0.04884482221999975
8528,-0.15584467689546286,-0.22608621229954673,-0.023045278516638734
4282,-0.7037564398144266,0.322052939960603,-0.3539579838846859
5781,-0.3803328611940612,-0.14453078048338897,-0.0017927236623891396
9723,-0.07881210081581456,-0.2846444190342015,0.0030282886648477225
5417,-0.4826412040943431,0.05731486428646959,-0.1517096620759001
10577,-0.2655238487500501,-0.23298293409951792,-0.03802165263816498
2287,-0.8277346300846731,0.43441168279692666,-0.4512680807404732
7329,-0.17860398323036175,-0.28996237775912576,0.05177354653386332
10165,-0.2327593910366314,-0.2631463329271105,0.017492702432163082
1376,-0.47038525555529065,0.3703099193578623,-0.3720591247763363
3050,-0.6258713541434447,0.3088851446700914,-0.32924837697558684
4296,-0.7545382398388965,0.3689655907705993,-0.38476955843983096
8278,-0.6398397173273029,0.012894124422390352,-0.13730631185035858
7735,-0.20104081270059074,-0.32091918340765213,0.07904065251269607
1372,-0.4570312300054532,0.36764488096685866,-0.36706930533817916
7407,-0.4184791880439811,-0.11396235779220809,-0.034881860708494195
10147,-0.17124154653635332,-0.2693425179252754,-0.018534766387528517
4702,-0.767446214951039,0.39348118849121727,-0.39414523958389225
10159,-0.21713877554467226,-0.1982096929968625,-0.05093868296627457
8136,-0.19777352287156713,-0.23987934646527515,-0.020030886936260428
8268,-0.6080161645305717,0.10595702292020237,-0.19026716096394092
10143,-0.15174024024464505,-0.37496845914881816,0.0843227713022322
654,-1.225009108814142,0.45010366264755963,-0.6895473149601503
7383,-0.3464014495830113,-0.17773232899923294,-0.0011477419192024718
3051,-0.6258713541434447,0.3088851446700914,-0.32924837697558684
2688,-0.7971786715582332,0.4501037064131852,-0.4429547842814061
4704,-0.7749629155155348,0.4501037058198186,-0.417148199817868
661,-1.2653173605490529,0.4501036245823351,-0.6895472057564471
7340,-0.22829768236669004,-0.3406831224541548,0.10318862967139239
6162,-0.3260715137607221,-0.20705694704928723,0.038765435738528586
7396,-0.38966655154392016,-0.10819862264626257,-0.013216088894141165
9403,-0.37128176701028537,-0.19595454726995154,0.007861027802015808
8989,-0.3330417432538743,-0.19444165356587045,0.006770425466299412
10542,-0.14622363654111692,-0.33534884346664534,0.04493185607558024
6638,-0.5311132614350769,0.14244925559776522,-0.21349841659705526
10154,-0.19894775302480855,-0.23561934795112333,-0.05971599633783037
9797,-0.3488487731573439,-0.1144254434352073,-0.05682479870080087
9765,-0.24019656673882622,-0.26766185716553975,0.012344162673736447
1357,-0.41000804635104066,0.35522361925186957,-0.34678221907485457
3746,-0.3740399656376209,-0.12657990067934927,0.004385087035520152
3063,-0.6679116452494487,0.36625354816517985,-0.3703092169320801
3041,-0.5916420101320597,0.3121096856393327,-0.32651718253727813
10168,-0.2491510848837159,-0.20438785380525987,-0.07578901268739674
9350,-0.20290626307905316,-0.2580877683218366,-0.0029466951164079658
9408,-0.3904468201507437,-0.19875401654677713,-0.02135342605733992
10550,-0.17285528526635952,-0.2891906282417276,-0.022377688689963232
8105,0.005842481191745548,-0.20973483537302584,-0.006318441584497264
9778,-0.2923451230027148,-0.1348638025984366,-0.06520628615265106
9776,-0.27970969044758837,-0.23679998408219502,-0.015414852533116918
9003,-0.3753447485837039,-0.23951760983179196,0.0340136814219959
8539,-0.18582624004721338,-0.3248821635578527,0.033350538157551596
8525,-0.1230088513329077,-0.23980779187885998,-0.010552110923831598
1352,-0.4002865536765521,0.3513538558079694,-0.34156662762696377
2696,-0.8312562144289661,0.450103655903753,-0.45003208671998896
9758,-0.22312731894490795,-0.22258697646932626,-0.0215463667444242
2691,-0.8059164888067909,0.45010370665501065,-0.4448684704882959
9345,-0.18997156533070367,-0.19920400388175225,-0.050642636916792216
1375,-0.46364311605619823,0.3690015332019988,-0.36956965878501336
7793,-0.36724034953597834,-0.19634686823178754,0.011554569997058672
5802,-0.42801666073883105,-0.27472226660491605,0.10799127752646936
3038,-0.5849554046101146,0.29106615499765354,-0.3128500692832097
10554,-0.19245385523974948,-0.22914401388458167,-0.05765137558587516
9743,-0.1653666899637145,-0.3032130014811405,0.012742996007277407
3036,-0.578742478035662,0.28953568309806244,-0.3058865178525041
8952,-0.2162807792573276,-0.3117469411313217,0.06321306805948271
7392,-0.37545630112158956,-0.17943995292142217,0.014257227856653065
10167,-0.23751070143377703,-0.2581372495547113,-0.005194301189775374
8134,-0.18175564462435564,-0.3678497681414945,0.10175110913398845
5028,-0.522628010079738,0.114453855325237,-0.17509408807390958
1366,-0.4380873460001627,0.3633062824423054,-0.35950307917454677
7363,-0.29026553974612046,-0.25218380000844953,0.04951104619046934
10164,-0.2327593910366314,-0.2631463329271105,0.017492702432163082
10573,-0.24891910169284542,-0.277862477948621,-0.012602672727728859
10548,-0.16642708844608967,-0.27632491561025274,-0.0438530094275667
5361,-0.3426514137942017,-0.2255064875255391,0.059305428370097224
1377,-0.47038525555529065,0.3703099193578623,-0.3720591247763363
9374,-0.2813390852717704,-0.24807621113793576,0.005785750261258438
10166,-0.23751070143377703,-0.2581372495547113,-0.005194301189775374
3061,-0.6606180613794138,0.3657883797315856,-0.36838417958433733
5416,-0.4826412040943431,0.05731486428646959,-0.1517096620759001
7334,-0.20922608617717076,-0.35736749820784486,0.10430925098032137
10555,-0.19245385523974948,-0.22914401388458167,-0.05765137558587516
10546,-0.15730851543475538,-0.3118506699851279,0.010187387138484688
664,-1.288756017547872,0.45010362070444043,-0.6895472514846503
8140,-0.2045541296223661,-0.31690630101488726,0.047338103128102965
2630,-0.5711340462417157,0.11711931868709258,-0.2319436581292471
9019,-0.4314501836919454,-0.11142435517332278,-0.05625166725761127
10568,-0.24421493231069955,-0.17259808014049663,-0.10181177402128724
10564,-0.23120464351222325,-0.17659268176007553,-0.05898911256648931
1380,-0.4842597410877243,0.37309643008802396,-0.37711152733139053
5427,-0.5108752906807263,0.08831600193016775,-0.16702311767865408
1382,-0.4913914197273802,0.3744628659915654,-0.37961834795927174
4291,-0.7325878386674389,0.3667068081254874,-0.3791398325721105
9766,-0.24168335412460878,-0.29068098737425524,0.018215253122483704
9793,-0.3366211779001773,-0.12209840187197371,-0.05034508007305877
1383,-0.4913914197273802,0.3744628659915654,-0.37961834795927174
8632,-0.4829509009825724,-0.07763332970518311,-0.058228609484539506
8118,-0.09169123928414442,-0.21839814157832688,-0.020434095030985894
5381,-0.39376017276101816,2.882670835119283e-05,-0.08773954989598598
1367,-0.4380873460001627,0.3633062824423054,-0.35950307917454677
2629,-0.565124989189523,0.16392656742500655,-0.24553984188689704
10144,-0.1686527381404899,-0.20976743484925178,-0.061638320124944884
8601,-0.3779768296217396,-0.14793828417838212,-0.04394143702269576
9373,-0.2764148861999919,-0.19851765580998348,-0.07358316823617611
1360,-0.42062499538149245,0.358671068030905,-0.3519165553158645
2282,-0.8081565385854084,0.434874297169098,-0.4472027972893484
9760,-0.23609629205156238,-0.09891321835368064,-0.1080424037776275
6201,-0.41905529607099556,-0.20801815417090788,0.05502949407513297
9729,-0.12767641740360103,-0.2356728858064368,-0.034737016692829026
8578,-0.31380716888312526,-0.1277060861658993,-0.07672323189208197
8923,-0.09040245676979518,-0.30508204820362006,0.0443573860618925
8133,-0.17636368964343116,-0.35018057251280466,0.06242760618764341
10558,-0.20288966694956573,-0.29178224325555335,0.0112645983885436
7798,-0.3830818276969992,-0.22610023854788464,0.04718175214260795
5402,-0.4382299847479074,-0.23518749224501803,0.046319401319777354
10574,-0.2522499862846947,-0.3024549307228838,0.015190997585475596
10575,-0.2522499862846947,-0.3024549307228838,0.015190997585475596
5412,-0.47333115880796345,0.0783226956793383,-0.14944472899953526
6224,-0.4931273216270272,0.04886880264347193,-0.12503526725646896
9376,-0.2872677591886259,-0.2276039069877357,-0.02151996582248039
3029,-0.554222481447229,0.19959051946676598,-0.254719596089098
6220,-0.48109694319076346,-0.0023102623935408184,-0.11214073434283267
7053,-0.568964808662553,0.11511575481968983,-0.19723647080360884
7821,-0.45607298324697054,-0.0752284624831358,-0.06121151595006746
672,-1.337615354427349,0.4501036945142811,-0.6895472148404334
6583,-0.3689694060104605,-0.054760773448749134,-0.06098980295489331
3043,-0.5984852845226765,0.3135328317832027,-0.3287530958695901
666,-1.3004961113712283,0.4501035807658016,-0.6895471340362045
4687,-0.709513963303366,0.27090993817484266,-0.3186313729783541
2695,-0.8228041637835397,0.4501036945142811,-0.44832640785859956
3028,-0.554222481447229,0.19959051946676598,-0.254719596089098
1354,-0.405034618204438,0.3533316557199393,-0.3441787287356487
2628,-0.565124989189523,0.16392656742500655,-0.24553984188689704
7756,-0.2594576110654606,-0.31398248318748795,0.08598866114406131
2290,-0.8469345415650772,0.45010373454414443,-0.46119761452919505
5853,-0.5824133448013848,0.11839687777573349,-0.1910253037198062
8616,-0.43098888386586426,-0.12013571550845176,-0.04602581615768819
4688,-0.7165331110725404,0.2727233169161213,-0.32107447573009584
10152,-0.19437273637734184,-0.2151937951630286,-0.04002910418791303
4298,-0.7619057986866733,0.3696687625702846,-0.386618966868403
6215,-0.4648949603822869,0.02687795245292174,-0.13371450338105323
3053,-0.6326300671778063,0.32322991504500687,-0.34282547911798333
5409,-0.45973026329783656,-0.062484654523292715,-0.07910161058714543
10163,-0.2287655689221457,-0.2217370592882127,-0.0306141856499956
7788,-0.355545054983386,-0.17787656738261368,0.006251728846179305
9380,-0.30320111561399815,-0.16948982882821942,-0.039409162048118174
9784,-0.3114698820521545,-0.12898077755345586,-0.07909159113616532
4682,-0.6956997045207131,0.268739945724329,-0.3144918186443214
9771,-0.2536881282473416,-0.31673681672521753,0.03906200589446582
10161,-0.22465629634234457,-0.16579277024245537,-0.06878538906365295
8154,-0.24474551313522502,-0.2764736107116924,0.039562786082486895
10149,-0.1734277729099966,-0.29696491304645245,-0.029758670972844986
2291,-0.8469345415650772,0.45010373454414443,-0.46119761452919505
656,-1.2388835365658224,0.4501037274154893,-0.6895472520386232
7765,-0.2864571785890444,-0.25112492520717766,0.034072055707266624
9336,-0.15704955648444027,-0.31278587287224785,0.02692289338700632
4707,-0.7822243693460206,0.4501037404989089,-0.4187702493564408
2285,-0.8179347358916302,0.43464315772714146,-0.4492552663882299
667,-1.3004961113712283,0.4501035807658016,-0.6895471340362045
3030,-0.559902649589435,0.17092228599008075,-0.2469900930392115
9413,-0.40728142139603174,-0.10302216918748636,-0.07131983681381038
655,-1.225009108814142,0.45010366264755963,-0.6895473149601503
2692,-0.8143564247340185,0.45010365737735514,-0.44660485675138983
683,-1.3832697005367387,0.45010378626892056,-0.6895472627248189
5029,-0.522628010079738,0.114453855325237,-0.17509408807390958
4294,-0.7471949023567658,0.3682371171354849,-0.38290593698530884
4701,-0.7599615862972575,0.3608941944865647,-0.367072453594792
10569,-0.24421493231069955,-0.17259808014049663,-0.10181177402128724
9736,-0.14865867572580144,-0.30055446510517203,0.008731100215172538
6624,-0.4857537325111307,-0.04572184277150082,-0.0811559864072145
3058,-0.6533806835914663,0.34886661903104776,-0.35883095456239456
2683,-0.7703102385837856,0.44069483225563777,-0.43303106798822977
8979,-0.3077058566204677,-0.10073510743481273,-0.08711866333631246
6963,-0.29637602971828547,-0.30090568423518443,0.08758331208541592
658,-1.2526338313711949,0.45010372847384783,-0.6895471687742842
3031,-0.559902649589435,0.17092228599008075,-0.2469900930392115
4699,-0.7527484117252937,0.3603117167295632,-0.3652302094816319
9035,-0.48157741053692954,-0.17111959868773152,-0.02655441524324681
7834,-0.498265596767391,-0.0926339033475424,-0.0508256622348251
663,-1.2770297192602147,0.4501036945142811,-0.6895472068203539
688,-1.409497216359643,0.450103645781019,-0.689547179986119
7036,-0.5205925790205513,0.14443309042709407,-0.19755741266358617
7428,-0.4854496932747594,-0.10166728057870289,-0.056584421513038
2700,-0.8481572787544432,0.450103694514281,-0.45339086684767593
4697,-0.7455584092525899,0.3597040458341626,-0.3633699919605541
3055,-0.6393814330818219,0.3240432066508143,-0.34496316077804745
4286,-0.7179065591205661,0.32380297356616683,-0.35797586234450207
2706,-0.8734282544366606,0.45010372287952716,-0.45827982508400844
6975,-0.328875240769214,-0.28694774123715,0.08394513774397336
5026,-0.5170090472651466,0.1077589062475196,-0.16955461366164493
8568,-0.2818855155708672,-0.19334209324655555,-0.029360683389523135
2308,-0.9260687257202098,0.45010371052449094,-0.4755372702199212
4303,-0.7767060145543536,0.37099479633759347,-0.39026903231916776
2703,-0.8565971693310868,0.4501036672273029,-0.45504183970268963
2281,-0.7984008364081556,0.4351083838232601,-0.44510681695923604
8196,-0.3716927199850022,-0.1845586823363582,0.006490524584792545
9026,-0.4553241086344726,-0.16871885192240432,-0.01618379502051792
3042,-0.5984852845226765,0.3135328317832027,-0.3287530958695901
2687,-0.78815452161986,0.44032960824566025,-0.4371565856188482
8206,-0.40762910286057474,-0.07015054786149783,-0.08095225898136393
674,-1.3495625565028495,0.4501036945142811,-0.6895472233811784
2303,-0.8999231934751046,0.4501036643646874,-0.4709537040259484
673,-1.337615354427349,0.4501036945142811,-0.6895472148404334
2702,-0.8565971693310868,0.4501036672273029,-0.45504183970268963
2697,-0.8312562144289661,0.450103655903753,-0.45003208671998896
2284,-0.8179347358916302,0.43464315772714146,-0.4492552663882299
4700,-0.7599615862972575,0.3608941944865647,-0.367072453594792
2286,-0.8277346300846731,0.43441168279692666,-0.4512680807404732
9825,-0.4378099072935414,-0.20376173197364011,0.01561832560271098
4694,-0.7380304542205364,0.29974598699196775,-0.33774897581387153
2309,-0.9260687257202098,0.45010371052449094,-0.4755372702199212
4689,-0.7165331110725404,0.2727233169161213,-0.32107447573009584
4695,-0.7380304542205364,0.29974598699196775,-0.33774897581387153
3065,-0.6752823600336056,0.3745691035225921,-0.37541903417907985
2280,-0.7984008364081556,0.4351083838232601,-0.44510681695923604
4304,-0.7845165795008199,0.450103694514281,-0.4217980777634912
4708,-0.7895002415118872,0.4501036945142811,-0.42038373774421145
4301,-0.7692958202950508,0.37034550952028766,-0.388452557424668
4685,-0.702568943549434,0.2699054083493535,-0.3165950805085751
2293,-0.855791968021306,0.4501036945142811,-0.46287019322765
3040,-0.5916420101320597,0.3121096856393327,-0.32651718253727813
2708,-0.8818063479461788,0.4501036800554019,-0.45986326441171776
679,-1.3655655391948591,0.4501036064248547,-0.6895473353736405
2698,-0.8397086997734412,0.4501036551449328,-0.4517206145675553
7395,-0.381575000185399,-0.16071888656768074,0.013049725249866473
9387,-0.3210950022623875,-0.1546974325212019,-0.05862130808946242
2301,-0.8911346890682788,0.4501036945142811,-0.4693775554510897
3057,-0.6462666474686205,0.3247827323256913,-0.34707662083585344
1442,-0.7494921376160791,0.3978365523691364,-0.4506946601033691
2694,-0.8228041637835397,0.4501036945142811,-0.44832640785859956
4289,-0.7251073443468388,0.3259329577765233,-0.36058805319351794
2296,-0.8734900383351494,0.4501037086989217,-0.4661619046741807
657,-1.2388835365658224,0.4501037274154893,-0.6895472520386232
676,-1.3575773359828118,0.4501035647883438,-0.6895471415737191
4292,-0.7398773026840519,0.3674841645267397,-0.38102924877493205
7051,-0.5603148782875872,0.03480514961339687,-0.1416557512972646
4288,-0.7251073443468388,0.3259329577765233,-0.36058805319351794
2298,-0.8823216788581058,0.45010368003823487,-0.4677797934964988
4691,-0.7237648266063761,0.2974387640171252,-0.333668680318139
675,-1.3495625565028495,0.4501036945142811,-0.6895472233811784
7042,-0.5354124950868938,0.02426773772444013,-0.13750698925689386
9031,-0.47179866752971533,-0.08213235996437929,-0.07144567980967409
4683,-0.6956997045207131,0.268739945724329,-0.3144918186443214
680,-1.374179576455232,0.4501036945142811,-0.6895472130136968
4703,-0.767446214951039,0.39348118849121727,-0.39414523958389225
2701,-0.8481572787544432,0.450103694514281,-0.45339086684767593
4302,-0.7767060145543536,0.37099479633759347,-0.39026903231916776
4300,-0.7692958202950508,0.37034550952028766,-0.388452557424668
4287,-0.7179065591205661,0.32380297356616683,-0.35797586234450207
670,-1.3246341590521014,0.45010385484713455,-0.6895473292011585
4305,-0.7845165795008199,0.450103694514281,-0.4217980777634912
2283,-0.8081565385854084,0.434874297169098,-0.4472027972893484
2299,-0.8823216788581058,0.45010368003823487,-0.4677797934964988
2709,-0.8818063479461788,0.4501036800554019,-0.45986326441171776
4306,-0.7919515107071823,0.4501037297839251,-0.42344207500813724
682,-1.3832697005367387,0.45010378626892056,-0.6895472627248189
2704,-0.8650228431791216,0.45010369451428134,-0.45667217352504186
2682,-0.7703102385837856,0.44069483225563777,-0.43303106798822977
2680,-0.761482623912202,0.44088057645545187,-0.4309207247222674
2288,-0.8375864787518219,0.4501036814551356,-0.4593258917178429
3062,-0.6679116452494487,0.36625354816517985,-0.3703092169320801
659,-1.2526338313711949,0.45010372847384783,-0.6895471687742842
3033,-0.5662279288622234,0.2271323402883706,-0.27103924148130276
4684,-0.702568943549434,0.2699054083493535,-0.3165950805085751
4686,-0.709513963303366,0.27090993817484266,-0.3186313729783541
2295,-0.8646452465380459,0.4501037084129609,-0.4645249804935381
3054,-0.6393814330818219,0.3240432066508143,-0.34496316077804745
669,-1.312249554635342,0.45010365555797005,-0.6895472782621437
